post_id,timestamp,categoria,sentimiento,likes,comentarios,compartidos,engagement
2912,2026-09-24 00:06:26,entretenimiento,neutral,43,5,5,68
2328,2026-09-24 00:09:41,deportes,neutral,40,4,6,66
2762,2026-09-24 00:10:16,salud,neutral,27,5,4,49
2633,2026-09-24 00:17:53,entretenimiento,neutral,32,3,3,47
73,2026-09-24 00:22:21,politica,neutral,41,6,3,62
2612,2026-09-24 00:22:55,deportes,neutral,30,7,4,56
1922,2026-09-24 00:26:59,politica,neutral,32,3,6,56
2605,2026-09-24 00:27:49,politica,positivo,39,3,3,54
822,2026-09-24 00:29:09,deportes,positivo,42,10,3,71
209,2026-09-24 00:34:00,entretenimiento,positivo,39,4,5,62
2715,2026-09-24 00:34:28,entretenimiento,positivo,33,4,3,50
129,2026-09-24 00:38:25,tecnologia,positivo,43,5,4,65
2295,2026-09-24 00:42:55,entretenimiento,neutral,33,5,4,55
1902,2026-09-24 00:42:58,politica,negativo,36,4,1,47
1169,2026-09-24 00:48:16,politica,positivo,34,7,5,63
1516,2026-09-24 00:48:54,salud,neutral,33,6,0,45
1427,2026-09-24 00:49:00,tecnologia,negativo,35,8,3,60
2903,2026-09-24 00:49:12,deportes,positivo,24,7,2,44
2296,2026-09-24 00:57:06,deportes,negativo,36,1,1,41
1484,2026-09-24 00:59:40,entretenimiento,positivo,26,5,5,51
1265,2026-09-24 01:05:07,entretenimiento,neutral,30,4,5,53
2693,2026-09-24 01:05:44,deportes,neutral,36,5,1,49
2819,2026-09-24 01:09:53,entretenimiento,neutral,38,7,4,64
1800,2026-09-24 01:13:03,deportes,positivo,30,4,2,44
2132,2026-09-24 01:14:17,politica,positivo,33,4,3,50
206,2026-09-24 01:17:03,politica,neutral,42,7,9,83
2683,2026-09-24 01:17:38,entretenimiento,negativo,34,4,3,51
1753,2026-09-24 01:18:06,deportes,negativo,33,4,5,56
2529,2026-09-24 01:18:09,entretenimiento,neutral,34,1,2,42
2361,2026-09-24 01:19:18,politica,negativo,47,4,5,70
2350,2026-09-24 01:19:44,tecnologia,positivo,38,4,6,64
457,2026-09-24 01:21:32,politica,neutral,33,6,3,54
1887,2026-09-24 01:23:53,politica,neutral,41,7,0,55
2978,2026-09-24 01:28:44,salud,neutral,34,8,2,56
408,2026-09-24 01:28:56,tecnologia,negativo,48,4,6,74
333,2026-09-24 01:29:32,tecnologia,neutral,36,5,2,52
471,2026-09-24 01:29:48,politica,negativo,41,6,4,65
245,2026-09-24 01:29:59,tecnologia,positivo,40,8,4,68
2534,2026-09-24 01:30:54,tecnologia,neutral,26,8,1,45
1744,2026-09-24 01:31:42,politica,neutral,33,2,3,46
841,2026-09-24 01:36:53,entretenimiento,neutral,27,5,3,46
564,2026-09-24 01:39:24,deportes,neutral,49,7,3,72
946,2026-09-24 01:43:35,politica,neutral,38,13,6,82
899,2026-09-24 01:44:14,tecnologia,positivo,36,5,6,64
1284,2026-09-24 01:47:43,salud,neutral,35,10,6,73
2225,2026-09-24 01:52:44,tecnologia,neutral,28,4,6,54
2818,2026-09-24 01:52:50,politica,positivo,32,4,2,46
2422,2026-09-24 02:00:34,deportes,positivo,34,8,0,50
926,2026-09-24 02:15:05,tecnologia,neutral,29,6,1,44
11,2026-09-24 02:20:33,tecnologia,positivo,42,3,3,57
641,2026-09-24 02:23:12,tecnologia,neutral,28,5,3,47
1050,2026-09-24 02:23:33,entretenimiento,neutral,31,6,2,49
378,2026-09-24 02:27:27,deportes,neutral,35,10,3,64
2709,2026-09-24 02:31:11,entretenimiento,neutral,43,5,4,65
1814,2026-09-24 02:31:31,tecnologia,positivo,34,6,9,73
2517,2026-09-24 02:33:19,tecnologia,negativo,30,5,2,46
2686,2026-09-24 02:33:39,entretenimiento,positivo,36,7,2,56
2720,2026-09-24 02:34:55,deportes,positivo,42,6,5,69
937,2026-09-24 02:35:03,politica,negativo,45,10,5,80
883,2026-09-24 02:35:35,deportes,positivo,31,7,5,60
1514,2026-09-24 02:40:31,entretenimiento,neutral,35,9,4,65
1577,2026-09-24 02:43:50,salud,negativo,38,8,3,63
172,2026-09-24 02:45:04,entretenimiento,neutral,33,13,7,80
2704,2026-09-24 02:48:08,deportes,neutral,32,10,9,79
2213,2026-09-24 02:48:32,deportes,positivo,37,3,4,55
1203,2026-09-24 02:49:11,entretenimiento,positivo,22,9,1,43
1747,2026-09-24 02:50:47,deportes,positivo,35,4,5,58
2019,2026-09-24 02:52:55,tecnologia,neutral,30,4,5,53
795,2026-09-24 02:53:46,entretenimiento,negativo,38,8,5,69
372,2026-09-24 02:55:10,deportes,positivo,43,5,12,89
1074,2026-09-24 02:58:03,politica,neutral,32,7,4,58
99,2026-09-24 03:03:38,tecnologia,negativo,30,4,4,50
1455,2026-09-24 03:06:44,tecnologia,negativo,32,3,3,47
2398,2026-09-24 03:07:12,politica,neutral,27,7,6,59
1971,2026-09-24 03:09:28,tecnologia,positivo,34,5,5,59
357,2026-09-24 03:11:01,entretenimiento,neutral,38,8,2,60
879,2026-09-24 03:15:43,politica,positivo,38,8,0,54
1202,2026-09-24 03:15:52,salud,positivo,26,7,4,52
1160,2026-09-24 03:18:37,salud,neutral,40,6,8,76
1234,2026-09-24 03:20:56,deportes,neutral,36,5,4,58
2830,2026-09-24 03:23:10,tecnologia,neutral,27,8,5,58
2976,2026-09-24 03:25:11,salud,positivo,33,9,1,54
101,2026-09-24 03:25:18,tecnologia,positivo,53,6,3,74
1697,2026-09-24 03:27:00,politica,positivo,36,10,2,62
1970,2026-09-24 03:28:14,politica,neutral,40,7,3,63
1048,2026-09-24 03:33:52,deportes,neutral,32,5,3,51
2081,2026-09-24 03:35:01,entretenimiento,neutral,39,10,5,74
2414,2026-09-24 03:36:10,deportes,positivo,38,5,3,57
1340,2026-09-24 03:37:10,tecnologia,neutral,33,6,4,57
516,2026-09-24 03:37:12,entretenimiento,neutral,38,13,7,85
975,2026-09-24 03:37:19,deportes,neutral,50,7,5,79
902,2026-09-24 03:38:43,politica,positivo,28,11,2,56
2419,2026-09-24 03:39:55,politica,neutral,45,1,1,50
238,2026-09-24 03:40:34,salud,positivo,37,3,2,49
558,2026-09-24 03:43:28,politica,positivo,31,7,1,48
1503,2026-09-24 03:43:38,deportes,negativo,20,10,5,55
313,2026-09-24 03:44:28,tecnologia,neutral,37,5,2,53
1301,2026-09-24 03:45:01,politica,neutral,31,3,4,49
875,2026-09-24 03:51:56,entretenimiento,positivo,39,6,3,60
291,2026-09-24 03:54:38,tecnologia,neutral,32,6,1,47
1436,2026-09-24 03:59:26,politica,positivo,29,11,2,57
286,2026-09-24 04:02:14,deportes,positivo,36,6,3,57
1781,2026-09-24 04:03:47,tecnologia,positivo,28,7,2,48
1403,2026-09-24 04:07:22,tecnologia,neutral,42,4,8,74
1289,2026-09-24 04:07:51,deportes,negativo,35,4,3,52
1651,2026-09-24 04:09:58,politica,positivo,35,11,3,66
2183,2026-09-24 04:09:59,deportes,negativo,38,4,5,61
2011,2026-09-24 04:11:02,deportes,neutral,46,2,3,59
1248,2026-09-24 04:11:07,politica,positivo,30,6,8,66
1014,2026-09-24 04:11:18,entretenimiento,neutral,48,7,0,62
2418,2026-09-24 04:12:57,politica,neutral,44,6,3,65
1274,2026-09-24 04:20:09,entretenimiento,neutral,27,12,9,78
2859,2026-09-24 04:21:36,entretenimiento,neutral,36,3,1,45
2858,2026-09-24 04:26:17,entretenimiento,positivo,37,6,2,55
146,2026-09-24 04:30:13,entretenimiento,neutral,37,5,5,62
857,2026-09-24 04:32:39,entretenimiento,negativo,32,5,3,51
1417,2026-09-24 04:33:31,salud,neutral,37,4,3,54
765,2026-09-24 04:35:21,tecnologia,neutral,31,4,3,48
43,2026-09-24 04:38:56,deportes,neutral,33,4,0,41
1031,2026-09-24 04:41:31,deportes,neutral,28,5,4,50
1020,2026-09-24 04:45:07,tecnologia,positivo,45,5,3,64
2900,2026-09-24 04:53:03,deportes,neutral,43,3,3,58
292,2026-09-24 04:53:20,tecnologia,positivo,32,6,6,62
2298,2026-09-24 04:54:18,politica,positivo,27,7,3,50
629,2026-09-24 04:54:38,politica,neutral,37,12,3,70
611,2026-09-24 04:55:40,salud,neutral,40,4,4,60
1904,2026-09-24 04:56:07,salud,neutral,32,7,4,58
2242,2026-09-24 04:56:31,politica,neutral,27,4,3,44
2468,2026-09-24 04:57:20,entretenimiento,neutral,37,6,5,64
2906,2026-09-24 05:03:10,salud,positivo,42,6,5,69
2838,2026-09-24 05:03:36,deportes,positivo,33,4,5,56
1466,2026-09-24 05:08:48,tecnologia,positivo,28,7,4,54
1303,2026-09-24 05:08:56,entretenimiento,positivo,44,9,3,71
2781,2026-09-24 05:09:08,deportes,negativo,24,5,5,49
2607,2026-09-24 05:10:26,deportes,neutral,35,7,0,49
2204,2026-09-24 05:13:10,tecnologia,neutral,35,7,3,58
1795,2026-09-24 05:13:57,deportes,positivo,29,5,5,54
2777,2026-09-24 05:19:47,entretenimiento,neutral,41,5,7,72
702,2026-09-24 05:20:05,tecnologia,positivo,46,6,4,70
2366,2026-09-24 05:20:09,entretenimiento,neutral,39,8,3,64
1195,2026-09-24 05:21:28,entretenimiento,negativo,29,10,4,61
978,2026-09-24 05:24:07,salud,neutral,36,7,5,65
1350,2026-09-24 05:24:16,deportes,neutral,46,11,5,83
2987,2026-09-24 05:24:29,entretenimiento,positivo,37,5,6,65
1073,2026-09-24 05:24:34,deportes,negativo,35,7,5,64
2065,2026-09-24 05:25:34,deportes,neutral,39,5,3,58
487,2026-09-24 05:27:01,politica,negativo,33,7,1,50
819,2026-09-24 05:27:58,tecnologia,neutral,28,8,3,53
2330,2026-09-24 05:28:55,entretenimiento,neutral,30,9,3,57
600,2026-09-24 05:30:12,salud,neutral,40,8,2,62
335,2026-09-24 05:30:37,deportes,neutral,24,6,2,42
1867,2026-09-24 05:31:47,deportes,neutral,35,7,8,73
2602,2026-09-24 05:32:24,tecnologia,neutral,48,6,5,75
1549,2026-09-24 05:32:36,deportes,positivo,31,3,3,46
2284,2026-09-24 05:32:49,tecnologia,neutral,34,2,5,53
1423,2026-09-24 05:33:11,deportes,positivo,36,7,3,59
2940,2026-09-24 05:34:10,deportes,neutral,39,1,4,53
2563,2026-09-24 05:35:23,politica,positivo,24,7,4,50
2645,2026-09-24 05:35:59,politica,neutral,38,13,7,85
30,2026-09-24 05:36:05,politica,neutral,31,8,3,56
169,2026-09-24 05:38:29,entretenimiento,neutral,44,6,6,74
2232,2026-09-24 05:40:05,tecnologia,positivo,33,6,7,66
2024,2026-09-24 05:40:43,tecnologia,neutral,41,2,2,51
149,2026-09-24 05:41:01,tecnologia,negativo,30,4,3,47
1827,2026-09-24 05:41:28,salud,positivo,30,7,4,56
336,2026-09-24 05:43:11,deportes,negativo,43,5,6,71
515,2026-09-24 05:46:38,politica,negativo,30,5,7,61
59,2026-09-24 05:47:58,deportes,negativo,41,5,4,63
348,2026-09-24 05:48:48,deportes,negativo,46,8,1,65
2654,2026-09-24 05:49:44,deportes,positivo,24,5,5,49
301,2026-09-24 05:51:49,entretenimiento,neutral,42,6,4,66
473,2026-09-24 05:54:38,tecnologia,neutral,36,4,3,53
958,2026-09-24 05:54:54,politica,neutral,39,3,1,48
2332,2026-09-24 06:00:18,deportes,positivo,39,7,5,68
1035,2026-09-24 06:00:47,politica,neutral,35,5,6,63
2342,2026-09-24 06:02:34,politica,neutral,39,7,2,59
2358,2026-09-24 06:02:51,tecnologia,positivo,43,4,4,63
2797,2026-09-24 06:02:58,deportes,positivo,34,3,5,55
1799,2026-09-24 06:03:43,politica,positivo,39,9,4,69
1715,2026-09-24 06:04:00,deportes,positivo,26,6,2,44
2239,2026-09-24 06:04:03,entretenimiento,neutral,32,4,4,52
2172,2026-09-24 06:04:26,politica,neutral,34,9,2,58
2280,2026-09-24 06:04:50,politica,positivo,31,5,2,47
459,2026-09-24 06:05:04,deportes,negativo,26,6,3,47
1136,2026-09-24 06:05:14,politica,neutral,33,6,3,54
2733,2026-09-24 06:06:20,deportes,negativo,32,4,5,55
2564,2026-09-24 06:07:18,tecnologia,neutral,25,6,0,37
1622,2026-09-24 06:07:26,entretenimiento,positivo,34,10,5,69
7,2026-09-24 06:07:30,entretenimiento,neutral,30,5,4,52
1940,2026-09-24 06:07:47,politica,neutral,29,7,3,52
2012,2026-09-24 06:07:59,politica,positivo,34,8,5,65
1726,2026-09-24 06:08:10,entretenimiento,negativo,36,14,5,79
2555,2026-09-24 06:09:22,salud,neutral,39,6,7,72
587,2026-09-24 06:09:42,politica,neutral,41,3,4,59
498,2026-09-24 06:10:58,deportes,neutral,43,9,4,73
1930,2026-09-24 06:14:04,politica,positivo,31,8,3,56
2047,2026-09-24 06:14:06,tecnologia,neutral,35,7,3,58
2884,2026-09-24 06:14:58,tecnologia,negativo,35,3,6,59
851,2026-09-24 06:15:44,politica,positivo,45,6,3,66
2511,2026-09-24 06:16:33,politica,neutral,37,4,3,54
2449,2026-09-24 06:16:56,tecnologia,negativo,30,3,3,45
1191,2026-09-24 06:17:47,salud,positivo,47,7,5,76
617,2026-09-24 06:18:02,deportes,negativo,35,8,3,60
2885,2026-09-24 06:18:18,entretenimiento,positivo,37,7,4,63
2771,2026-09-24 06:19:00,entretenimiento,positivo,37,5,2,53
1320,2026-09-24 06:20:18,entretenimiento,neutral,27,4,5,50
2678,2026-09-24 06:21:04,deportes,neutral,33,1,3,44
1101,2026-09-24 06:21:18,deportes,positivo,26,5,2,42
78,2026-09-24 06:24:51,deportes,neutral,50,4,3,67
437,2026-09-24 06:25:22,entretenimiento,positivo,23,7,3,46
1696,2026-09-24 06:25:46,deportes,neutral,36,4,4,56
1717,2026-09-24 06:25:53,politica,negativo,31,6,5,58
1339,2026-09-24 06:28:31,tecnologia,neutral,40,8,4,68
1188,2026-09-24 06:28:37,deportes,positivo,28,9,2,52
2933,2026-09-24 06:28:42,deportes,neutral,33,3,7,60
2082,2026-09-24 06:29:13,deportes,positivo,47,4,3,64
1039,2026-09-24 06:30:30,deportes,neutral,41,9,4,71
2727,2026-09-24 06:34:00,entretenimiento,positivo,30,5,5,55
1789,2026-09-24 06:34:34,entretenimiento,positivo,34,1,4,48
1999,2026-09-24 06:37:33,politica,neutral,34,12,5,73
2061,2026-09-24 06:38:58,entretenimiento,neutral,42,6,3,63
2009,2026-09-24 06:39:01,politica,negativo,40,8,4,68
2587,2026-09-24 06:39:17,tecnologia,negativo,33,9,4,63
69,2026-09-24 06:39:29,tecnologia,neutral,40,3,2,52
529,2026-09-24 06:39:42,entretenimiento,negativo,27,12,5,66
1290,2026-09-24 06:40:17,deportes,neutral,30,6,1,45
84,2026-09-24 06:40:34,politica,positivo,29,6,6,59
2402,2026-09-24 06:41:03,salud,neutral,41,6,6,71
370,2026-09-24 06:41:44,tecnologia,negativo,26,6,3,47
1392,2026-09-24 06:42:30,deportes,positivo,26,2,2,36
355,2026-09-24 06:43:14,tecnologia,negativo,40,3,3,55
2550,2026-09-24 06:43:24,entretenimiento,positivo,36,9,1,57
1494,2026-09-24 06:43:37,deportes,neutral,34,8,5,65
375,2026-09-24 06:45:19,politica,positivo,44,9,5,77
705,2026-09-24 06:45:35,entretenimiento,negativo,40,3,1,49
2547,2026-09-24 06:46:37,tecnologia,neutral,38,3,1,47
1521,2026-09-24 06:46:38,deportes,neutral,34,7,3,57
1941,2026-09-24 06:46:41,politica,negativo,35,6,5,62
723,2026-09-24 06:47:08,deportes,neutral,38,7,6,70
477,2026-09-24 06:47:21,politica,negativo,30,6,9,69
1414,2026-09-24 06:47:46,politica,negativo,29,9,2,53
1798,2026-09-24 06:49:25,tecnologia,neutral,45,6,5,72
1607,2026-09-24 06:49:26,entretenimiento,positivo,32,5,1,45
2610,2026-09-24 06:49:46,entretenimiento,positivo,34,8,1,53
425,2026-09-24 06:50:05,deportes,negativo,28,1,3,39
312,2026-09-24 06:50:10,tecnologia,positivo,32,7,7,67
1712,2026-09-24 06:51:06,tecnologia,positivo,30,9,6,66
1605,2026-09-24 06:51:15,entretenimiento,positivo,37,9,7,76
860,2026-09-24 06:51:19,salud,positivo,25,3,2,37
1998,2026-09-24 06:51:33,tecnologia,negativo,31,6,4,55
33,2026-09-24 06:51:44,tecnologia,positivo,32,2,11,69
984,2026-09-24 06:53:03,deportes,negativo,33,6,5,60
2760,2026-09-24 06:54:20,salud,neutral,36,4,4,56
1259,2026-09-24 06:55:15,tecnologia,neutral,41,3,4,59
2247,2026-09-24 06:55:49,politica,positivo,31,6,4,55
1266,2026-09-24 06:55:59,deportes,negativo,44,6,5,71
2559,2026-09-24 06:58:31,salud,negativo,31,3,6,55
110,2026-09-24 06:59:14,entretenimiento,neutral,33,5,3,52
2740,2026-09-24 06:59:52,deportes,neutral,24,7,3,47
847,2026-09-24 07:00:12,entretenimiento,positivo,35,5,5,60
673,2026-09-24 07:02:40,tecnologia,neutral,49,6,6,79
961,2026-09-24 07:02:45,deportes,negativo,34,12,6,76
2251,2026-09-24 07:05:29,salud,neutral,38,3,4,56
635,2026-09-24 07:06:10,tecnologia,positivo,46,5,1,59
2155,2026-09-24 07:07:06,entretenimiento,neutral,28,8,4,56
1926,2026-09-24 07:07:23,tecnologia,positivo,33,4,2,47
1599,2026-09-24 07:07:32,entretenimiento,positivo,33,6,4,57
2271,2026-09-24 07:08:21,politica,positivo,46,6,3,67
1759,2026-09-24 07:08:39,tecnologia,negativo,47,6,4,71
340,2026-09-24 07:10:21,entretenimiento,negativo,35,4,4,55
401,2026-09-24 07:10:33,politica,positivo,28,5,4,50
100,2026-09-24 07:11:08,salud,neutral,36,12,4,72
38,2026-09-24 07:12:05,politica,neutral,34,5,2,50
124,2026-09-24 07:12:24,tecnologia,neutral,40,1,4,54
1568,2026-09-24 07:12:37,deportes,neutral,33,10,3,62
1796,2026-09-24 07:13:50,politica,negativo,33,9,4,63
191,2026-09-24 07:14:19,deportes,neutral,50,5,3,69
900,2026-09-24 07:14:44,tecnologia,positivo,34,6,5,61
2137,2026-09-24 07:15:23,politica,positivo,29,10,4,61
435,2026-09-24 07:15:45,salud,neutral,40,2,4,56
1724,2026-09-24 07:15:52,deportes,neutral,39,6,3,60
1629,2026-09-24 07:15:58,politica,negativo,38,11,4,72
1576,2026-09-24 07:16:01,tecnologia,positivo,37,6,3,58
1319,2026-09-24 07:17:08,entretenimiento,neutral,39,5,1,52
202,2026-09-24 07:18:54,tecnologia,neutral,36,3,6,60
2050,2026-09-24 07:21:08,tecnologia,neutral,35,5,6,63
371,2026-09-24 07:21:48,deportes,positivo,37,9,5,70
2545,2026-09-24 07:22:12,entretenimiento,positivo,32,4,4,52
1276,2026-09-24 07:22:58,deportes,positivo,28,8,3,53
1068,2026-09-24 07:24:05,entretenimiento,positivo,32,8,4,60
1951,2026-09-24 07:24:07,tecnologia,positivo,39,6,1,54
2828,2026-09-24 07:24:50,tecnologia,negativo,26,5,6,54
1217,2026-09-24 07:25:04,politica,negativo,26,4,5,49
223,2026-09-24 07:25:51,entretenimiento,neutral,31,6,1,46
207,2026-09-24 07:26:38,deportes,positivo,23,8,6,57
1442,2026-09-24 07:26:51,entretenimiento,negativo,30,11,4,64
300,2026-09-24 07:27:17,tecnologia,positivo,35,6,9,74
373,2026-09-24 07:28:20,entretenimiento,positivo,35,9,3,62
2552,2026-09-24 07:29:11,politica,negativo,40,3,3,55
2855,2026-09-24 07:29:15,tecnologia,positivo,37,2,4,53
57,2026-09-24 07:30:15,tecnologia,neutral,29,5,7,60
1185,2026-09-24 07:30:48,tecnologia,negativo,46,8,6,80
260,2026-09-24 07:31:13,entretenimiento,negativo,39,4,2,53
2616,2026-09-24 07:31:18,deportes,positivo,32,5,4,54
1986,2026-09-24 07:31:32,entretenimiento,positivo,36,0,1,39
440,2026-09-24 07:32:00,deportes,neutral,35,3,3,50
2119,2026-09-24 07:32:12,entretenimiento,positivo,39,4,6,65
434,2026-09-24 07:32:28,tecnologia,neutral,27,3,2,39
983,2026-09-24 07:32:43,entretenimiento,negativo,31,5,6,59
2195,2026-09-24 07:34:14,tecnologia,negativo,37,9,2,61
1463,2026-09-24 07:34:15,salud,positivo,25,4,4,45
996,2026-09-24 07:35:53,tecnologia,positivo,30,5,7,61
1655,2026-09-24 07:36:00,deportes,negativo,39,3,7,66
2087,2026-09-24 07:37:20,politica,positivo,41,5,1,54
889,2026-09-24 07:37:39,entretenimiento,neutral,34,5,2,50
1706,2026-09-24 07:38:25,salud,positivo,34,5,3,53
1542,2026-09-24 07:40:02,entretenimiento,neutral,38,8,5,69
1287,2026-09-24 07:41:47,politica,positivo,35,7,3,58
1178,2026-09-24 07:42:06,tecnologia,positivo,35,6,5,62
614,2026-09-24 07:42:55,salud,neutral,39,5,5,64
2642,2026-09-24 07:43:00,deportes,neutral,43,5,2,59
1815,2026-09-24 07:43:01,deportes,positivo,40,6,6,70
2307,2026-09-24 07:43:09,politica,negativo,38,7,2,58
1594,2026-09-24 07:43:39,salud,neutral,42,7,4,68
1598,2026-09-24 07:45:10,politica,neutral,39,3,3,54
2506,2026-09-24 07:46:19,salud,neutral,38,7,3,61
1645,2026-09-24 07:46:50,entretenimiento,neutral,36,7,4,62
1763,2026-09-24 07:47:31,entretenimiento,neutral,35,7,3,58
771,2026-09-24 07:48:22,deportes,negativo,49,4,4,69
450,2026-09-24 07:49:32,tecnologia,neutral,47,7,2,67
441,2026-09-24 07:49:37,politica,neutral,41,11,5,78
1117,2026-09-24 07:49:45,deportes,positivo,42,2,4,58
651,2026-09-24 07:50:37,entretenimiento,positivo,38,11,7,81
1311,2026-09-24 07:50:49,politica,positivo,28,6,5,55
1082,2026-09-24 07:51:08,salud,positivo,30,3,5,51
410,2026-09-24 07:51:22,politica,positivo,28,4,2,42
1677,2026-09-24 07:51:36,entretenimiento,neutral,35,10,2,61
2299,2026-09-24 07:51:42,entretenimiento,neutral,48,5,4,70
2627,2026-09-24 07:52:39,tecnologia,negativo,36,8,4,64
423,2026-09-24 07:54:06,deportes,negativo,40,1,6,60
284,2026-09-24 07:54:45,politica,neutral,36,6,9,75
2202,2026-09-24 07:54:46,entretenimiento,neutral,36,9,1,57
1891,2026-09-24 07:54:56,deportes,neutral,53,7,0,67
165,2026-09-24 07:55:08,tecnologia,neutral,36,2,3,49
884,2026-09-24 07:55:27,deportes,positivo,33,6,3,54
2946,2026-09-24 07:55:41,deportes,neutral,42,8,6,76
1127,2026-09-24 07:55:44,politica,positivo,36,8,3,61
1133,2026-09-24 07:55:50,deportes,positivo,32,9,7,71
1298,2026-09-24 07:55:58,deportes,negativo,31,6,7,64
1524,2026-09-24 07:56:48,politica,positivo,35,3,1,44
2223,2026-09-24 07:58:05,tecnologia,neutral,34,9,3,61
2343,2026-09-24 07:58:14,entretenimiento,negativo,31,5,4,53
1810,2026-09-24 07:58:18,politica,positivo,44,7,2,64
665,2026-09-24 07:59:11,deportes,positivo,47,5,3,66
604,2026-09-24 07:59:16,deportes,neutral,36,8,3,61
1910,2026-09-24 08:00:11,tecnologia,positivo,28,7,6,60
1669,2026-09-24 08:00:29,entretenimiento,negativo,37,7,6,69
845,2026-09-24 08:01:29,deportes,negativo,21,6,4,45
695,2026-09-24 08:01:43,entretenimiento,neutral,35,7,2,55
1869,2026-09-24 08:02:09,deportes,neutral,33,9,2,57
1750,2026-09-24 08:02:20,politica,positivo,36,6,0,48
2687,2026-09-24 08:02:32,entretenimiento,positivo,33,7,1,50
67,2026-09-24 08:03:21,tecnologia,negativo,26,6,4,50
591,2026-09-24 08:03:39,deportes,negativo,32,8,1,51
2394,2026-09-24 08:03:43,tecnologia,positivo,32,5,2,48
1034,2026-09-24 08:03:46,deportes,negativo,26,4,1,37
645,2026-09-24 08:03:58,entretenimiento,positivo,42,6,2,60
1412,2026-09-24 08:05:59,entretenimiento,positivo,34,5,3,53
939,2026-09-24 08:05:59,politica,negativo,32,10,6,70
1685,2026-09-24 08:06:14,entretenimiento,neutral,35,11,2,63
2833,2026-09-24 08:06:23,politica,neutral,37,3,3,52
1593,2026-09-24 08:07:02,tecnologia,negativo,50,9,9,95
2707,2026-09-24 08:08:00,entretenimiento,positivo,27,5,3,46
751,2026-09-24 08:08:34,tecnologia,positivo,33,6,6,63
2427,2026-09-24 08:09:48,deportes,negativo,50,5,3,69
1847,2026-09-24 08:10:17,salud,positivo,34,11,3,65
1765,2026-09-24 08:10:29,salud,neutral,24,2,3,37
773,2026-09-24 08:10:50,deportes,positivo,33,7,4,59
520,2026-09-24 08:12:11,politica,negativo,37,7,1,54
2285,2026-09-24 08:12:35,politica,neutral,38,6,3,59
1247,2026-09-24 08:14:30,tecnologia,positivo,35,10,5,70
2412,2026-09-24 08:14:49,tecnologia,neutral,32,5,3,51
656,2026-09-24 08:15:22,deportes,neutral,38,4,9,73
295,2026-09-24 08:16:13,salud,neutral,37,5,3,56
461,2026-09-24 08:17:10,deportes,neutral,30,4,4,50
1254,2026-09-24 08:17:31,entretenimiento,positivo,36,4,4,56
2901,2026-09-24 08:18:02,tecnologia,positivo,31,11,6,71
947,2026-09-24 08:18:03,salud,neutral,38,4,2,52
2667,2026-09-24 08:18:18,tecnologia,positivo,31,11,3,62
2761,2026-09-24 08:18:38,politica,positivo,39,5,2,55
2538,2026-09-24 08:18:57,deportes,positivo,31,7,5,60
2250,2026-09-24 08:19:52,tecnologia,negativo,36,10,1,59
810,2026-09-24 08:20:05,deportes,positivo,39,10,6,77
557,2026-09-24 08:21:19,salud,negativo,31,7,5,60
589,2026-09-24 08:21:28,tecnologia,negativo,30,7,3,53
334,2026-09-24 08:22:14,entretenimiento,positivo,33,12,8,81
2335,2026-09-24 08:23:00,entretenimiento,neutral,34,4,1,45
2744,2026-09-24 08:23:31,entretenimiento,neutral,39,6,4,63
2014,2026-09-24 08:23:43,politica,neutral,36,5,2,52
381,2026-09-24 08:23:44,entretenimiento,negativo,32,8,4,60
22,2026-09-24 08:23:44,deportes,positivo,39,10,3,68
2484,2026-09-24 08:24:10,deportes,neutral,37,7,4,63
2157,2026-09-24 08:24:31,deportes,negativo,38,3,5,59
153,2026-09-24 08:24:32,entretenimiento,neutral,30,6,7,63
1994,2026-09-24 08:24:37,politica,neutral,45,5,3,64
1948,2026-09-24 08:24:57,politica,neutral,37,8,4,65
563,2026-09-24 08:25:05,deportes,neutral,38,4,2,52
2581,2026-09-24 08:25:06,salud,negativo,31,6,5,58
2703,2026-09-24 08:25:22,entretenimiento,negativo,29,3,1,38
1647,2026-09-24 08:25:38,tecnologia,positivo,43,2,4,59
704,2026-09-24 08:26:13,entretenimiento,negativo,37,7,3,60
1822,2026-09-24 08:26:13,tecnologia,positivo,41,5,6,69
91,2026-09-24 08:27:39,tecnologia,neutral,28,5,7,59
719,2026-09-24 08:28:18,tecnologia,positivo,36,4,2,50
2111,2026-09-24 08:28:22,entretenimiento,positivo,38,8,6,72
2356,2026-09-24 08:28:35,politica,neutral,32,9,6,68
1435,2026-09-24 08:28:39,deportes,neutral,24,8,3,49
2600,2026-09-24 08:29:27,politica,positivo,29,7,4,55
605,2026-09-24 08:29:40,entretenimiento,positivo,29,10,7,70
1735,2026-09-24 08:29:41,entretenimiento,neutral,29,5,4,51
2456,2026-09-24 08:30:13,tecnologia,neutral,21,9,3,48
920,2026-09-24 08:30:25,politica,neutral,28,3,3,43
577,2026-09-24 08:30:53,deportes,neutral,29,7,6,61
540,2026-09-24 08:30:55,tecnologia,positivo,38,4,2,52
813,2026-09-24 08:31:14,politica,negativo,25,7,4,51
1721,2026-09-24 08:31:21,tecnologia,negativo,35,5,4,57
547,2026-09-24 08:31:47,politica,neutral,39,7,5,68
2679,2026-09-24 08:31:47,politica,positivo,33,3,2,45
2748,2026-09-24 08:31:52,tecnologia,positivo,34,10,6,72
430,2026-09-24 08:32:39,politica,negativo,37,11,8,83
80,2026-09-24 08:32:48,salud,neutral,33,4,7,62
1424,2026-09-24 08:33:02,deportes,neutral,29,6,5,56
1279,2026-09-24 08:34:02,entretenimiento,neutral,34,5,1,47
455,2026-09-24 08:34:24,entretenimiento,negativo,43,9,4,73
2168,2026-09-24 08:34:59,tecnologia,neutral,33,6,7,66
1694,2026-09-24 08:35:46,tecnologia,neutral,35,4,5,58
1418,2026-09-24 08:35:55,entretenimiento,neutral,41,7,2,61
1388,2026-09-24 08:36:25,politica,neutral,24,5,5,49
755,2026-09-24 08:36:25,tecnologia,neutral,26,7,2,46
431,2026-09-24 08:37:02,deportes,positivo,30,7,3,53
1253,2026-09-24 08:37:11,salud,positivo,39,8,4,67
998,2026-09-24 08:37:11,salud,positivo,35,7,3,58
2595,2026-09-24 08:38:03,deportes,neutral,35,3,4,53
2360,2026-09-24 08:38:26,entretenimiento,negativo,32,5,3,51
2367,2026-09-24 08:40:11,entretenimiento,neutral,30,4,8,62
1536,2026-09-24 08:40:28,politica,positivo,40,3,5,61
1698,2026-09-24 08:40:52,entretenimiento,neutral,35,10,7,76
2522,2026-09-24 08:41:16,entretenimiento,positivo,43,7,4,69
727,2026-09-24 08:41:46,entretenimiento,neutral,42,6,7,75
2037,2026-09-24 08:42:22,entretenimiento,neutral,31,9,5,64
2995,2026-09-24 08:42:29,tecnologia,positivo,28,4,4,48
677,2026-09-24 08:43:01,politica,neutral,38,4,7,67
41,2026-09-24 08:43:26,tecnologia,neutral,30,8,4,58
133,2026-09-24 08:44:02,entretenimiento,positivo,24,4,2,38
1837,2026-09-24 08:44:45,salud,positivo,28,3,6,52
1722,2026-09-24 08:45:03,politica,positivo,34,5,5,59
776,2026-09-24 08:45:42,salud,negativo,37,2,3,50
1120,2026-09-24 08:46:04,tecnologia,positivo,37,7,3,60
2044,2026-09-24 08:46:55,tecnologia,neutral,34,5,3,53
1162,2026-09-24 08:47:08,politica,neutral,41,5,3,60
1366,2026-09-24 08:47:16,salud,neutral,39,7,4,65
1586,2026-09-24 08:47:25,politica,negativo,30,8,6,64
1985,2026-09-24 08:48:13,deportes,negativo,33,5,4,55
263,2026-09-24 08:48:20,deportes,neutral,38,5,2,54
2479,2026-09-24 08:48:56,entretenimiento,neutral,47,10,6,85
2477,2026-09-24 08:49:44,deportes,negativo,37,6,1,52
2220,2026-09-24 08:50:10,entretenimiento,positivo,38,7,5,67
1200,2026-09-24 08:50:21,entretenimiento,negativo,43,3,5,64
1791,2026-09-24 08:50:59,deportes,neutral,42,9,3,69
1961,2026-09-24 08:51:50,tecnologia,negativo,41,6,8,77
833,2026-09-24 08:52:10,politica,positivo,28,10,1,51
931,2026-09-24 08:52:35,entretenimiento,neutral,36,6,2,54
2316,2026-09-24 08:52:41,tecnologia,positivo,33,6,5,60
588,2026-09-24 08:52:43,politica,positivo,24,6,2,42
182,2026-09-24 08:53:18,tecnologia,neutral,27,3,7,54
2309,2026-09-24 08:54:34,tecnologia,negativo,33,7,4,59
2339,2026-09-24 08:55:00,salud,positivo,41,6,3,62
1482,2026-09-24 08:58:36,tecnologia,positivo,43,3,2,55
460,2026-09-24 08:58:42,politica,positivo,39,4,5,62
1292,2026-09-24 08:59:23,politica,neutral,26,12,4,62
2765,2026-09-24 08:59:27,deportes,positivo,29,7,5,58
180,2026-09-24 08:59:38,entretenimiento,positivo,30,8,2,52
318,2026-09-24 09:01:08,entretenimiento,positivo,33,6,8,69
15,2026-09-24 09:01:52,deportes,positivo,40,4,8,72
1691,2026-09-24 09:01:55,tecnologia,positivo,43,6,4,67
1213,2026-09-24 09:02:18,tecnologia,positivo,43,9,4,73
1537,2026-09-24 09:02:24,salud,neutral,33,7,5,62
1297,2026-09-24 09:03:03,entretenimiento,positivo,37,12,3,70
1393,2026-09-24 09:03:22,entretenimiento,positivo,36,4,6,62
2853,2026-09-24 09:03:51,entretenimiento,neutral,44,4,6,70
2113,2026-09-24 09:04:02,deportes,neutral,40,4,5,63
6,2026-09-24 09:06:14,entretenimiento,neutral,32,5,2,48
2778,2026-09-24 09:06:15,tecnologia,negativo,39,4,3,56
761,2026-09-24 09:06:22,tecnologia,positivo,47,2,2,57
1222,2026-09-24 09:07:03,tecnologia,positivo,36,7,3,59
1327,2026-09-24 09:07:39,tecnologia,negativo,32,11,5,69
603,2026-09-24 09:08:09,entretenimiento,neutral,35,8,10,81
1157,2026-09-24 09:08:17,politica,neutral,40,6,6,70
1446,2026-09-24 09:09:11,deportes,positivo,30,3,4,48
1515,2026-09-24 09:09:15,deportes,positivo,46,8,2,68
2038,2026-09-24 09:09:15,tecnologia,neutral,38,0,5,53
2440,2026-09-24 09:09:16,salud,neutral,35,5,6,63
867,2026-09-24 09:10:27,entretenimiento,positivo,35,10,4,67
1679,2026-09-24 09:11:57,entretenimiento,neutral,33,4,3,50
1381,2026-09-24 09:12:18,deportes,negativo,38,7,3,61
2053,2026-09-24 09:13:04,deportes,neutral,42,3,3,57
1625,2026-09-24 09:13:30,deportes,negativo,29,7,3,52
1240,2026-09-24 09:13:36,tecnologia,neutral,32,2,5,51
1098,2026-09-24 09:13:46,entretenimiento,positivo,29,3,4,47
1738,2026-09-24 09:13:46,entretenimiento,neutral,28,3,3,43
2069,2026-09-24 09:13:56,entretenimiento,positivo,33,4,2,47
668,2026-09-24 09:13:57,entretenimiento,neutral,40,8,1,59
601,2026-09-24 09:14:17,entretenimiento,positivo,31,5,4,53
240,2026-09-24 09:14:29,politica,negativo,43,6,2,61
1981,2026-09-24 09:14:30,deportes,neutral,29,5,10,69
1372,2026-09-24 09:14:34,tecnologia,negativo,44,4,6,70
2991,2026-09-24 09:14:48,tecnologia,positivo,33,9,2,57
730,2026-09-24 09:15:49,politica,positivo,32,9,6,68
621,2026-09-24 09:15:54,entretenimiento,positivo,37,8,3,62
876,2026-09-24 09:15:54,tecnologia,positivo,29,4,2,43
598,2026-09-24 09:16:30,deportes,negativo,42,6,7,75
16,2026-09-24 09:17:15,salud,neutral,35,1,1,40
953,2026-09-24 09:17:16,entretenimiento,neutral,56,5,0,66
2139,2026-09-24 09:17:23,deportes,neutral,30,11,11,85
2128,2026-09-24 09:17:46,deportes,negativo,50,7,2,70
834,2026-09-24 09:17:46,politica,positivo,28,11,7,71
886,2026-09-24 09:18:16,entretenimiento,positivo,39,10,4,71
2814,2026-09-24 09:18:49,entretenimiento,positivo,40,10,5,75
2924,2026-09-24 09:19:06,deportes,positivo,36,7,2,56
319,2026-09-24 09:19:12,tecnologia,negativo,33,7,6,65
1868,2026-09-24 09:19:21,tecnologia,positivo,33,6,4,57
1992,2026-09-24 09:19:33,tecnologia,positivo,26,9,1,47
1863,2026-09-24 09:20:04,entretenimiento,negativo,35,6,5,62
494,2026-09-24 09:20:22,entretenimiento,neutral,39,3,4,57
506,2026-09-24 09:20:55,politica,neutral,35,6,3,56
118,2026-09-24 09:21:46,entretenimiento,neutral,31,4,3,48
935,2026-09-24 09:21:59,tecnologia,neutral,47,6,5,74
959,2026-09-24 09:22:41,tecnologia,negativo,37,3,4,55
210,2026-09-24 09:23:09,tecnologia,negativo,31,5,3,50
112,2026-09-24 09:23:57,deportes,positivo,45,5,5,70
2634,2026-09-24 09:24:15,deportes,positivo,43,8,5,74
2997,2026-09-24 09:25:00,deportes,negativo,45,4,5,68
203,2026-09-24 09:25:03,politica,positivo,32,7,1,49
683,2026-09-24 09:25:40,tecnologia,positivo,36,6,6,66
1110,2026-09-24 09:26:59,politica,neutral,20,7,4,46
1848,2026-09-24 09:27:10,entretenimiento,positivo,30,2,4,46
2397,2026-09-24 09:27:34,politica,negativo,37,3,1,46
2392,2026-09-24 09:28:22,salud,neutral,27,9,5,60
791,2026-09-24 09:28:58,entretenimiento,negativo,26,8,2,48
2788,2026-09-24 09:29:41,tecnologia,positivo,32,3,3,47
785,2026-09-24 09:29:41,salud,neutral,31,6,5,58
666,2026-09-24 09:30:14,politica,neutral,30,13,7,77
2031,2026-09-24 09:30:23,tecnologia,positivo,35,3,5,56
2290,2026-09-24 09:31:09,tecnologia,neutral,32,6,3,53
1601,2026-09-24 09:32:55,politica,positivo,36,4,5,59
731,2026-09-24 09:33:14,deportes,negativo,33,8,4,61
669,2026-09-24 09:33:27,deportes,negativo,33,9,3,60
1967,2026-09-24 09:33:57,politica,positivo,26,6,3,47
1885,2026-09-24 09:34:11,tecnologia,positivo,46,5,4,68
1808,2026-09-24 09:34:41,politica,positivo,33,4,4,53
176,2026-09-24 09:35:01,entretenimiento,neutral,43,7,5,72
1711,2026-09-24 09:35:01,politica,neutral,40,11,5,77
690,2026-09-24 09:35:03,deportes,positivo,47,6,4,71
1402,2026-09-24 09:35:03,deportes,neutral,34,1,2,42
2800,2026-09-24 09:35:36,tecnologia,neutral,35,5,6,63
354,2026-09-24 09:35:56,politica,neutral,26,4,2,40
2743,2026-09-24 09:36:41,tecnologia,negativo,25,7,3,48
1572,2026-09-24 09:36:46,salud,positivo,35,2,6,57
2860,2026-09-24 09:37:00,deportes,positivo,35,8,2,57
1088,2026-09-24 09:37:12,salud,positivo,34,9,5,67
722,2026-09-24 09:38:20,tecnologia,positivo,42,7,3,65
802,2026-09-24 09:38:44,tecnologia,negativo,33,5,4,55
1106,2026-09-24 09:38:54,deportes,neutral,32,4,4,52
235,2026-09-24 09:39:26,entretenimiento,negativo,33,9,5,66
58,2026-09-24 09:39:45,entretenimiento,neutral,50,5,4,72
671,2026-09-24 09:39:47,tecnologia,neutral,43,5,8,77
2173,2026-09-24 09:40:06,politica,positivo,32,4,2,46
1539,2026-09-24 09:40:10,politica,neutral,32,3,0,38
903,2026-09-24 09:40:27,deportes,neutral,36,3,4,54
868,2026-09-24 09:41:26,salud,positivo,39,7,3,62
1401,2026-09-24 09:43:16,entretenimiento,neutral,29,1,3,40
2972,2026-09-24 09:43:26,tecnologia,neutral,41,5,2,57
1165,2026-09-24 09:44:13,tecnologia,neutral,36,4,8,68
1809,2026-09-24 09:45:00,entretenimiento,positivo,39,6,6,69
2116,2026-09-24 09:45:32,tecnologia,positivo,47,6,6,77
2103,2026-09-24 09:45:56,entretenimiento,neutral,42,7,5,71
1898,2026-09-24 09:45:58,salud,negativo,32,2,3,45
369,2026-09-24 09:46:13,politica,positivo,25,7,2,45
1001,2026-09-24 09:47:17,deportes,neutral,31,3,3,46
255,2026-09-24 09:47:23,deportes,neutral,33,9,9,78
856,2026-09-24 09:48:43,salud,positivo,27,8,6,61
1369,2026-09-24 09:48:57,entretenimiento,positivo,34,2,1,41
590,2026-09-24 09:49:02,entretenimiento,neutral,37,8,8,77
599,2026-09-24 09:49:06,politica,negativo,30,5,2,46
593,2026-09-24 09:49:32,entretenimiento,neutral,32,3,6,56
168,2026-09-24 09:49:35,salud,positivo,37,6,8,73
2421,2026-09-24 09:50:22,tecnologia,negativo,36,2,3,49
388,2026-09-24 09:51:29,tecnologia,neutral,44,6,5,71
1017,2026-09-24 09:51:43,entretenimiento,negativo,39,6,6,69
32,2026-09-24 09:52:10,tecnologia,negativo,34,9,5,67
1096,2026-09-24 09:52:27,deportes,positivo,43,6,3,64
2880,2026-09-24 09:53:06,entretenimiento,negativo,28,4,2,42
2808,2026-09-24 09:53:21,entretenimiento,neutral,43,5,2,59
843,2026-09-24 09:53:47,salud,negativo,31,3,5,52
2131,2026-09-24 09:54:31,salud,positivo,39,1,4,53
5,2026-09-24 09:54:37,tecnologia,neutral,26,6,0,38
2895,2026-09-24 09:54:53,tecnologia,neutral,25,6,4,49
2238,2026-09-24 09:55:17,deportes,neutral,37,10,6,75
699,2026-09-24 09:55:29,deportes,positivo,35,7,1,52
1322,2026-09-24 09:55:54,politica,neutral,33,4,3,50
1638,2026-09-24 09:56:02,deportes,neutral,44,6,2,62
2448,2026-09-24 09:56:44,entretenimiento,negativo,41,6,6,71
343,2026-09-24 09:57:13,tecnologia,neutral,32,9,3,59
50,2026-09-24 09:57:54,entretenimiento,positivo,48,5,3,67
2936,2026-09-24 09:58:23,tecnologia,neutral,39,10,6,77
2961,2026-09-24 09:59:29,deportes,neutral,29,12,5,68
2152,2026-09-24 09:59:54,tecnologia,positivo,41,4,2,55
1752,2026-09-24 10:00:16,entretenimiento,neutral,29,5,4,51
2182,2026-09-24 10:00:45,deportes,neutral,39,7,4,65
1581,2026-09-24 10:01:42,tecnologia,negativo,34,4,1,45
298,2026-09-24 10:02:00,deportes,neutral,42,8,2,64
1856,2026-09-24 10:02:42,politica,negativo,27,6,2,45
888,2026-09-24 10:02:58,tecnologia,positivo,44,6,1,59
1555,2026-09-24 10:03:06,politica,negativo,37,9,4,67
1720,2026-09-24 10:03:06,tecnologia,positivo,29,11,6,69
320,2026-09-24 10:03:15,tecnologia,positivo,31,2,3,44
2786,2026-09-24 10:03:18,tecnologia,positivo,37,7,4,63
1754,2026-09-24 10:04:12,deportes,positivo,45,2,2,55
2729,2026-09-24 10:04:33,tecnologia,neutral,39,8,6,73
152,2026-09-24 10:04:43,entretenimiento,positivo,25,5,4,47
1609,2026-09-24 10:04:47,deportes,neutral,34,7,2,54
1257,2026-09-24 10:04:52,deportes,negativo,34,7,2,54
2659,2026-09-24 10:04:56,deportes,neutral,38,9,2,62
1888,2026-09-24 10:05:05,politica,positivo,31,6,1,46
1894,2026-09-24 10:05:20,entretenimiento,positivo,35,5,6,63
1134,2026-09-24 10:05:27,entretenimiento,neutral,43,4,7,72
2527,2026-09-24 10:06:06,politica,neutral,39,6,2,57
174,2026-09-24 10:06:09,politica,neutral,49,3,3,64
2911,2026-09-24 10:06:18,tecnologia,positivo,33,4,6,59
1112,2026-09-24 10:06:22,tecnologia,neutral,33,5,2,49
1333,2026-09-24 10:07:13,salud,positivo,31,7,4,57
694,2026-09-24 10:07:34,deportes,negativo,35,7,3,58
2505,2026-09-24 10:07:47,deportes,negativo,39,2,0,43
2408,2026-09-24 10:07:59,entretenimiento,positivo,31,6,7,64
729,2026-09-24 10:08:18,tecnologia,neutral,34,7,1,51
2240,2026-09-24 10:08:25,politica,positivo,37,7,1,54
2293,2026-09-24 10:08:27,tecnologia,neutral,29,5,1,42
2297,2026-09-24 10:09:18,tecnologia,negativo,44,6,7,77
142,2026-09-24 10:09:19,deportes,neutral,35,2,3,48
1519,2026-09-24 10:09:34,entretenimiento,neutral,37,8,3,62
109,2026-09-24 10:09:55,deportes,positivo,42,6,3,63
2077,2026-09-24 10:10:07,tecnologia,neutral,40,2,6,62
2039,2026-09-24 10:10:09,deportes,neutral,41,5,4,63
2269,2026-09-24 10:10:43,salud,neutral,34,2,1,41
638,2026-09-24 10:10:57,politica,positivo,35,7,9,76
1459,2026-09-24 10:11:17,tecnologia,positivo,33,8,6,67
2567,2026-09-24 10:11:38,tecnologia,positivo,31,3,4,49
1095,2026-09-24 10:11:38,deportes,neutral,38,5,2,54
2093,2026-09-24 10:11:45,politica,neutral,42,9,5,75
1079,2026-09-24 10:11:59,entretenimiento,positivo,27,6,1,42
214,2026-09-24 10:13:21,deportes,neutral,31,7,4,57
1232,2026-09-24 10:13:41,deportes,positivo,36,7,2,56
1047,2026-09-24 10:14:08,deportes,positivo,32,5,4,54
945,2026-09-24 10:14:21,entretenimiento,neutral,39,4,2,53
1362,2026-09-24 10:15:47,entretenimiento,neutral,50,4,3,67
2824,2026-09-24 10:16:18,entretenimiento,negativo,35,6,10,77
1493,2026-09-24 10:16:21,deportes,neutral,42,6,4,66
1391,2026-09-24 10:16:48,entretenimiento,positivo,38,5,6,66
2852,2026-09-24 10:16:53,deportes,positivo,41,4,1,52
1491,2026-09-24 10:18:03,politica,negativo,36,1,5,53
132,2026-09-24 10:18:08,tecnologia,neutral,42,5,2,58
156,2026-09-24 10:18:11,tecnologia,neutral,36,10,1,59
831,2026-09-24 10:18:55,entretenimiento,neutral,33,2,4,49
2742,2026-09-24 10:19:20,salud,negativo,36,6,4,60
2613,2026-09-24 10:19:41,politica,positivo,23,8,5,54
1906,2026-09-24 10:19:54,entretenimiento,neutral,41,7,2,61
1097,2026-09-24 10:20:00,tecnologia,positivo,31,2,4,47
2575,2026-09-24 10:20:00,deportes,neutral,36,9,5,69
881,2026-09-24 10:20:04,tecnologia,positivo,37,5,6,65
2822,2026-09-24 10:20:15,politica,negativo,36,7,2,56
1090,2026-09-24 10:20:29,deportes,positivo,40,4,4,60
2674,2026-09-24 10:20:48,politica,neutral,40,4,4,60
2073,2026-09-24 10:21:10,entretenimiento,negativo,29,7,2,49
190,2026-09-24 10:21:11,politica,negativo,40,8,6,74
1667,2026-09-24 10:21:19,politica,positivo,22,4,4,42
2883,2026-09-24 10:21:47,politica,positivo,33,4,9,68
1375,2026-09-24 10:22:06,deportes,positivo,37,7,4,63
226,2026-09-24 10:22:07,deportes,positivo,38,9,2,62
2908,2026-09-24 10:22:15,tecnologia,neutral,43,3,6,67
630,2026-09-24 10:22:39,tecnologia,neutral,37,10,1,60
2002,2026-09-24 10:22:59,politica,positivo,33,3,4,51
72,2026-09-24 10:23:55,tecnologia,positivo,38,4,3,55
125,2026-09-24 10:24:26,salud,neutral,44,8,3,69
2915,2026-09-24 10:25:42,tecnologia,negativo,39,13,4,77
1575,2026-09-24 10:26:20,entretenimiento,positivo,33,11,2,61
783,2026-09-24 10:26:25,tecnologia,neutral,33,5,6,61
855,2026-09-24 10:26:50,tecnologia,positivo,35,8,6,69
2651,2026-09-24 10:27:07,tecnologia,neutral,37,5,3,56
2811,2026-09-24 10:27:37,entretenimiento,positivo,24,5,2,40
538,2026-09-24 10:28:37,salud,positivo,34,3,4,52
2466,2026-09-24 10:28:55,politica,neutral,40,10,8,84
1233,2026-09-24 10:28:55,entretenimiento,neutral,46,12,2,76
1556,2026-09-24 10:29:03,deportes,positivo,23,9,4,53
1072,2026-09-24 10:29:17,deportes,negativo,31,9,6,67
1277,2026-09-24 10:29:33,salud,positivo,40,6,3,61
2112,2026-09-24 10:29:55,deportes,positivo,34,3,4,52
890,2026-09-24 10:30:28,tecnologia,neutral,37,5,0,47
853,2026-09-24 10:30:57,deportes,negativo,25,4,3,42
1840,2026-09-24 10:30:59,deportes,neutral,36,4,3,53
963,2026-09-24 10:31:19,politica,negativo,44,6,2,62
1872,2026-09-24 10:31:27,tecnologia,positivo,36,6,2,54
2982,2026-09-24 10:31:47,salud,neutral,37,4,1,48
330,2026-09-24 10:31:53,tecnologia,neutral,41,6,5,68
1821,2026-09-24 10:32:18,entretenimiento,positivo,36,4,4,56
27,2026-09-24 10:32:27,deportes,negativo,39,12,4,75
1321,2026-09-24 10:32:57,tecnologia,positivo,40,6,4,64
2067,2026-09-24 10:33:05,entretenimiento,positivo,28,3,6,52
1011,2026-09-24 10:33:18,deportes,positivo,34,4,1,45
643,2026-09-24 10:35:09,salud,positivo,33,6,2,51
1370,2026-09-24 10:35:17,entretenimiento,negativo,38,7,8,76
1009,2026-09-24 10:35:53,deportes,negativo,27,8,7,64
2040,2026-09-24 10:35:56,tecnologia,neutral,25,11,7,68
1708,2026-09-24 10:36:08,entretenimiento,positivo,36,8,6,70
106,2026-09-24 10:36:35,deportes,positivo,31,5,4,53
880,2026-09-24 10:36:42,tecnologia,neutral,38,6,2,56
469,2026-09-24 10:36:58,deportes,negativo,31,5,8,65
216,2026-09-24 10:37:30,tecnologia,neutral,22,4,4,42
1216,2026-09-24 10:38:40,deportes,positivo,23,8,4,51
2878,2026-09-24 10:39:38,deportes,neutral,32,2,5,51
901,2026-09-24 10:40:13,entretenimiento,neutral,30,7,3,53
622,2026-09-24 10:40:33,politica,positivo,31,5,4,53
664,2026-09-24 10:40:35,politica,positivo,41,5,2,57
974,2026-09-24 10:41:40,politica,neutral,32,7,5,61
2848,2026-09-24 10:41:54,entretenimiento,neutral,34,3,4,52
1603,2026-09-24 10:42:21,tecnologia,neutral,34,5,5,59
2224,2026-09-24 10:42:27,deportes,positivo,31,3,4,49
2589,2026-09-24 10:42:55,salud,positivo,43,6,4,67
777,2026-09-24 10:43:07,tecnologia,neutral,33,11,5,70
1439,2026-09-24 10:43:10,entretenimiento,neutral,34,5,0,44
586,2026-09-24 10:43:38,entretenimiento,negativo,32,6,3,53
2857,2026-09-24 10:44:02,politica,positivo,31,13,2,63
1846,2026-09-24 10:44:56,entretenimiento,positivo,33,3,1,42
763,2026-09-24 10:45:30,politica,neutral,25,4,8,57
2004,2026-09-24 10:46:16,deportes,neutral,26,8,6,60
2728,2026-09-24 10:46:43,entretenimiento,positivo,29,7,4,55
1033,2026-09-24 10:46:48,deportes,positivo,34,7,4,60
2768,2026-09-24 10:46:55,tecnologia,negativo,29,7,6,61
896,2026-09-24 10:47:52,salud,neutral,37,4,8,69
1562,2026-09-24 10:48:25,tecnologia,positivo,32,7,2,52
667,2026-09-24 10:48:54,deportes,neutral,29,7,3,52
1296,2026-09-24 10:49:19,tecnologia,neutral,40,5,2,56
607,2026-09-24 10:49:45,tecnologia,neutral,30,2,2,40
543,2026-09-24 10:49:58,politica,positivo,41,7,2,61
2663,2026-09-24 10:51:08,politica,neutral,41,6,6,71
989,2026-09-24 10:52:16,deportes,neutral,38,11,7,81
1952,2026-09-24 10:52:24,politica,neutral,44,6,4,68
1627,2026-09-24 10:52:47,politica,positivo,34,8,2,56
1324,2026-09-24 10:53:04,deportes,positivo,31,4,6,57
14,2026-09-24 10:53:15,politica,neutral,42,3,8,72
562,2026-09-24 10:53:15,tecnologia,positivo,35,7,5,64
1337,2026-09-24 10:53:23,politica,neutral,34,3,5,55
159,2026-09-24 10:53:28,entretenimiento,neutral,35,5,7,66
1067,2026-09-24 10:54:22,deportes,neutral,36,6,5,63
1398,2026-09-24 10:55:08,entretenimiento,neutral,28,5,7,59
2780,2026-09-24 10:55:39,entretenimiento,neutral,32,1,9,61
2156,2026-09-24 10:55:46,entretenimiento,negativo,32,8,6,66
2492,2026-09-24 10:56:26,salud,positivo,39,5,8,73
2175,2026-09-24 10:56:35,politica,neutral,34,2,2,44
2471,2026-09-24 10:56:56,politica,negativo,30,8,6,64
745,2026-09-24 10:57:07,entretenimiento,neutral,40,6,4,64
1113,2026-09-24 10:57:57,salud,neutral,41,5,4,63
1411,2026-09-24 10:58:40,deportes,neutral,28,9,5,61
1636,2026-09-24 10:59:35,politica,positivo,32,4,7,61
37,2026-09-24 11:00:18,tecnologia,negativo,42,5,6,70
762,2026-09-24 11:00:18,politica,neutral,34,1,3,45
150,2026-09-24 11:00:24,entretenimiento,positivo,39,5,4,61
1071,2026-09-24 11:00:52,politica,neutral,34,9,2,58
2608,2026-09-24 11:01:03,politica,positivo,25,4,3,42
1731,2026-09-24 11:01:15,entretenimiento,positivo,37,5,6,65
941,2026-09-24 11:01:49,entretenimiento,negativo,36,5,2,52
742,2026-09-24 11:01:53,politica,positivo,37,4,5,60
2481,2026-09-24 11:02:13,politica,neutral,37,4,5,60
2676,2026-09-24 11:02:25,politica,positivo,32,8,5,63
2533,2026-09-24 11:02:54,deportes,positivo,29,8,1,48
1040,2026-09-24 11:03:06,deportes,positivo,44,4,4,64
1911,2026-09-24 11:03:14,tecnologia,positivo,29,8,3,54
47,2026-09-24 11:03:34,deportes,positivo,36,4,2,50
1070,2026-09-24 11:03:39,tecnologia,positivo,39,3,1,48
1653,2026-09-24 11:03:44,deportes,neutral,48,5,5,73
697,2026-09-24 11:03:49,entretenimiento,positivo,34,4,3,51
936,2026-09-24 11:03:55,deportes,negativo,38,3,5,59
310,2026-09-24 11:04:01,entretenimiento,positivo,36,8,4,64
2191,2026-09-24 11:04:19,entretenimiento,neutral,39,5,3,58
2109,2026-09-24 11:04:35,salud,positivo,38,6,5,65
709,2026-09-24 11:04:58,politica,neutral,50,4,3,67
2620,2026-09-24 11:05:12,deportes,positivo,28,5,6,56
2434,2026-09-24 11:05:39,entretenimiento,positivo,33,6,2,51
2218,2026-09-24 11:05:47,tecnologia,positivo,36,7,9,77
2941,2026-09-24 11:06:11,entretenimiento,neutral,31,3,4,49
1531,2026-09-24 11:07:11,politica,positivo,41,5,2,57
976,2026-09-24 11:08:05,politica,positivo,30,5,9,67
2615,2026-09-24 11:08:10,politica,positivo,35,5,5,60
1676,2026-09-24 11:08:14,entretenimiento,neutral,37,6,5,64
1975,2026-09-24 11:08:46,deportes,neutral,33,4,4,53
2209,2026-09-24 11:08:57,politica,negativo,39,4,3,56
62,2026-09-24 11:09:28,tecnologia,positivo,33,5,4,55
1228,2026-09-24 11:10:13,entretenimiento,positivo,36,8,5,67
1437,2026-09-24 11:11:13,entretenimiento,neutral,27,8,2,49
2317,2026-09-24 11:11:32,deportes,neutral,36,4,2,50
2909,2026-09-24 11:11:47,tecnologia,negativo,40,5,0,50
2184,2026-09-24 11:11:59,deportes,neutral,26,2,5,45
1220,2026-09-24 11:12:12,politica,neutral,36,5,3,55
85,2026-09-24 11:12:57,deportes,neutral,42,7,2,62
602,2026-09-24 11:13:23,politica,positivo,28,4,4,48
1658,2026-09-24 11:14:00,politica,neutral,33,2,2,43
2526,2026-09-24 11:14:09,salud,negativo,54,8,8,94
1748,2026-09-24 11:14:51,salud,neutral,43,9,9,88
2999,2026-09-24 11:15:20,tecnologia,positivo,45,5,3,64
2304,2026-09-24 11:15:41,politica,positivo,31,8,11,80
2862,2026-09-24 11:17:10,tecnologia,positivo,32,7,4,58
380,2026-09-24 11:17:48,entretenimiento,neutral,35,4,4,55
917,2026-09-24 11:18:14,deportes,positivo,35,6,6,65
45,2026-09-24 11:18:27,salud,negativo,38,4,3,55
2005,2026-09-24 11:18:39,deportes,neutral,37,7,2,57
1851,2026-09-24 11:19:30,tecnologia,negativo,35,11,2,63
2292,2026-09-24 11:19:39,tecnologia,positivo,27,3,0,33
2670,2026-09-24 11:19:51,entretenimiento,positivo,25,9,6,61
1174,2026-09-24 11:20:24,politica,positivo,29,7,2,49
1937,2026-09-24 11:21:09,deportes,positivo,37,6,1,52
1270,2026-09-24 11:21:10,politica,positivo,30,8,6,64
145,2026-09-24 11:21:11,tecnologia,positivo,43,4,4,63
1830,2026-09-24 11:21:51,deportes,positivo,34,6,2,52
2568,2026-09-24 11:21:52,deportes,negativo,38,3,6,62
2026,2026-09-24 11:22:40,deportes,positivo,37,5,4,59
670,2026-09-24 11:22:43,tecnologia,negativo,33,9,4,63
1189,2026-09-24 11:23:10,politica,positivo,35,6,4,59
1817,2026-09-24 11:23:10,tecnologia,positivo,28,3,1,37
254,2026-09-24 11:23:12,deportes,positivo,42,5,3,61
2181,2026-09-24 11:24:04,tecnologia,neutral,33,7,4,59
2943,2026-09-24 11:24:29,salud,neutral,35,12,5,74
1703,2026-09-24 11:24:31,entretenimiento,positivo,33,3,5,54
2794,2026-09-24 11:25:10,entretenimiento,neutral,36,9,3,63
65,2026-09-24 11:26:37,politica,negativo,38,5,5,63
682,2026-09-24 11:26:54,deportes,positivo,24,5,4,46
225,2026-09-24 11:27:09,entretenimiento,positivo,34,9,6,70
1528,2026-09-24 11:27:15,deportes,neutral,42,4,3,59
2716,2026-09-24 11:27:37,politica,positivo,30,7,2,50
2286,2026-09-24 11:27:38,politica,negativo,27,4,2,41
1384,2026-09-24 11:28:06,politica,neutral,36,4,3,53
1413,2026-09-24 11:28:43,tecnologia,neutral,44,6,5,71
1145,2026-09-24 11:28:44,deportes,positivo,39,2,3,52
872,2026-09-24 11:29:30,politica,negativo,36,11,2,64
2363,2026-09-24 11:29:31,deportes,neutral,30,12,9,81
467,2026-09-24 11:29:36,politica,positivo,36,3,2,48
618,2026-09-24 11:30:48,entretenimiento,positivo,42,4,4,62
2324,2026-09-24 11:31:21,politica,negativo,38,3,5,59
2177,2026-09-24 11:31:33,politica,positivo,33,5,5,58
912,2026-09-24 11:32:18,entretenimiento,positivo,41,7,5,70
1526,2026-09-24 11:32:18,politica,negativo,38,5,3,57
1527,2026-09-24 11:32:19,deportes,neutral,39,7,6,71
2698,2026-09-24 11:32:22,tecnologia,positivo,37,3,2,49
1534,2026-09-24 11:32:23,deportes,neutral,35,7,4,61
2666,2026-09-24 11:32:44,deportes,positivo,20,11,5,57
2068,2026-09-24 11:32:44,entretenimiento,negativo,34,4,4,54
2566,2026-09-24 11:32:59,politica,negativo,35,6,1,50
2377,2026-09-24 11:33:27,tecnologia,positivo,30,4,7,59
2259,2026-09-24 11:33:30,politica,neutral,41,4,7,70
1130,2026-09-24 11:33:53,deportes,neutral,47,5,6,75
2229,2026-09-24 11:33:59,politica,neutral,44,8,3,69
270,2026-09-24 11:34:01,politica,neutral,31,4,3,48
2446,2026-09-24 11:34:16,deportes,positivo,39,7,4,65
2451,2026-09-24 11:34:22,deportes,negativo,34,3,5,55
103,2026-09-24 11:34:27,politica,negativo,35,4,5,58
1263,2026-09-24 11:35:05,tecnologia,positivo,35,6,3,56
2227,2026-09-24 11:35:26,entretenimiento,positivo,38,5,5,63
2753,2026-09-24 11:35:26,tecnologia,neutral,35,5,4,57
289,2026-09-24 11:35:35,salud,negativo,43,7,3,66
1209,2026-09-24 11:35:54,deportes,neutral,39,6,5,66
2641,2026-09-24 11:35:56,salud,positivo,36,4,8,68
1597,2026-09-24 11:37:00,entretenimiento,neutral,47,10,8,91
1261,2026-09-24 11:37:04,deportes,positivo,34,9,2,58
2898,2026-09-24 11:37:06,tecnologia,positivo,31,5,3,50
2597,2026-09-24 11:37:41,entretenimiento,negativo,28,6,2,46
2869,2026-09-24 11:37:42,tecnologia,neutral,37,5,2,53
2834,2026-09-24 11:37:43,tecnologia,negativo,35,5,2,51
1813,2026-09-24 11:37:48,deportes,negativo,38,7,1,55
1564,2026-09-24 11:38:04,entretenimiento,neutral,32,3,1,41
1723,2026-09-24 11:38:29,tecnologia,positivo,31,3,6,55
2772,2026-09-24 11:38:34,politica,neutral,34,5,4,56
324,2026-09-24 11:39:19,politica,positivo,36,4,2,50
2029,2026-09-24 11:39:24,deportes,neutral,50,5,4,72
2447,2026-09-24 11:39:41,entretenimiento,positivo,35,2,3,48
2216,2026-09-24 11:39:41,entretenimiento,neutral,42,5,4,64
488,2026-09-24 11:39:43,entretenimiento,neutral,40,8,5,71
2681,2026-09-24 11:39:51,entretenimiento,neutral,22,5,5,47
111,2026-09-24 11:40:14,tecnologia,negativo,33,6,6,63
2207,2026-09-24 11:40:14,tecnologia,positivo,36,8,3,61
1341,2026-09-24 11:40:15,politica,neutral,33,8,5,64
2144,2026-09-24 11:41:22,tecnologia,neutral,37,5,6,65
930,2026-09-24 11:42:12,entretenimiento,positivo,38,4,6,64
1119,2026-09-24 11:42:27,tecnologia,neutral,30,7,3,53
237,2026-09-24 11:42:31,deportes,neutral,32,2,2,42
251,2026-09-24 11:42:36,deportes,neutral,44,8,7,81
2756,2026-09-24 11:42:52,entretenimiento,positivo,40,10,3,69
2726,2026-09-24 11:43:09,deportes,positivo,36,9,2,60
528,2026-09-24 11:43:24,tecnologia,neutral,26,4,5,49
2331,2026-09-24 11:44:05,deportes,positivo,38,3,3,53
2376,2026-09-24 11:44:12,deportes,positivo,37,6,7,70
1977,2026-09-24 11:44:20,entretenimiento,neutral,38,3,5,59
387,2026-09-24 11:44:27,politica,neutral,27,8,4,55
2425,2026-09-24 11:44:30,tecnologia,neutral,34,10,6,72
493,2026-09-24 11:44:37,deportes,positivo,40,5,3,59
2000,2026-09-24 11:44:46,entretenimiento,positivo,30,6,5,57
2491,2026-09-24 11:45:05,politica,neutral,49,6,3,70
1421,2026-09-24 11:46:04,tecnologia,neutral,37,4,4,57
2558,2026-09-24 11:46:13,politica,positivo,27,5,5,52
2404,2026-09-24 11:46:14,salud,neutral,40,2,2,50
2998,2026-09-24 11:46:52,entretenimiento,positivo,28,9,5,61
2599,2026-09-24 11:47:21,entretenimiento,neutral,33,6,4,57
1779,2026-09-24 11:47:24,entretenimiento,positivo,36,8,4,64
909,2026-09-24 11:47:37,tecnologia,positivo,40,8,6,74
2001,2026-09-24 11:48:15,politica,neutral,36,7,4,62
657,2026-09-24 11:48:35,tecnologia,negativo,37,4,6,63
2710,2026-09-24 11:48:39,politica,positivo,29,6,3,50
144,2026-09-24 11:48:58,salud,neutral,40,5,3,59
688,2026-09-24 11:49:09,entretenimiento,neutral,33,6,2,51
23,2026-09-24 11:49:09,politica,neutral,39,5,4,61
927,2026-09-24 11:49:35,entretenimiento,negativo,28,8,2,50
2708,2026-09-24 11:49:37,entretenimiento,negativo,31,11,3,62
1170,2026-09-24 11:49:43,salud,neutral,31,6,4,55
503,2026-09-24 11:49:49,salud,positivo,38,4,5,61
1022,2026-09-24 11:50:28,entretenimiento,negativo,43,3,9,76
1804,2026-09-24 11:51:41,salud,negativo,33,3,3,48
2910,2026-09-24 11:51:46,tecnologia,positivo,36,3,8,66
1879,2026-09-24 11:52:58,deportes,positivo,32,7,5,61
1776,2026-09-24 11:53:15,entretenimiento,positivo,43,6,1,58
17,2026-09-24 11:53:17,entretenimiento,positivo,37,8,2,59
1359,2026-09-24 11:53:34,tecnologia,negativo,45,7,1,62
2429,2026-09-24 11:53:38,deportes,negativo,45,10,2,71
1544,2026-09-24 11:53:55,deportes,negativo,45,5,8,79
1973,2026-09-24 11:54:25,entretenimiento,neutral,24,5,7,55
2106,2026-09-24 11:54:35,entretenimiento,positivo,38,8,0,54
2230,2026-09-24 11:54:48,politica,neutral,39,4,3,56
2618,2026-09-24 11:54:56,salud,neutral,29,7,4,55
2920,2026-09-24 11:55:01,salud,negativo,34,7,7,69
897,2026-09-24 11:55:35,salud,positivo,48,8,4,76
2523,2026-09-24 11:55:40,salud,positivo,30,7,3,53
1652,2026-09-24 11:55:41,salud,neutral,33,8,3,58
185,2026-09-24 11:55:42,entretenimiento,neutral,28,3,7,55
20,2026-09-24 11:55:54,tecnologia,positivo,42,4,2,56
580,2026-09-24 11:56:25,politica,positivo,24,6,2,42
639,2026-09-24 11:56:29,politica,positivo,35,6,4,59
2095,2026-09-24 11:56:37,deportes,positivo,21,8,6,55
968,2026-09-24 11:57:26,deportes,positivo,37,8,3,62
417,2026-09-24 11:57:33,tecnologia,positivo,33,4,4,53
965,2026-09-24 11:59:02,entretenimiento,negativo,36,10,7,77
993,2026-09-24 11:59:21,tecnologia,positivo,33,5,5,58
2959,2026-09-24 11:59:33,deportes,neutral,42,4,6,68
2281,2026-09-24 11:59:51,deportes,neutral,30,6,4,54
1492,2026-09-24 12:00:05,deportes,negativo,30,8,4,58
2653,2026-09-24 12:00:27,entretenimiento,positivo,30,4,4,50
2420,2026-09-24 12:00:28,deportes,negativo,24,6,5,51
2714,2026-09-24 12:00:44,politica,negativo,34,4,3,51
1805,2026-09-24 12:00:44,tecnologia,negativo,45,4,0,53
217,2026-09-24 12:01:00,politica,neutral,46,5,4,68
1204,2026-09-24 12:01:11,tecnologia,positivo,37,6,4,61
161,2026-09-24 12:01:22,tecnologia,negativo,40,2,0,44
405,2026-09-24 12:01:54,entretenimiento,positivo,35,4,3,52
2524,2026-09-24 12:02:27,politica,positivo,39,3,8,69
1347,2026-09-24 12:02:28,entretenimiento,neutral,22,10,3,51
2396,2026-09-24 12:02:58,deportes,negativo,35,7,3,58
1395,2026-09-24 12:03:11,tecnologia,neutral,36,9,8,78
466,2026-09-24 12:03:12,politica,negativo,31,10,5,66
444,2026-09-24 12:03:24,deportes,neutral,19,5,3,38
2454,2026-09-24 12:03:45,deportes,neutral,37,5,5,62
1236,2026-09-24 12:03:46,deportes,positivo,30,7,4,56
443,2026-09-24 12:03:58,politica,neutral,40,7,3,63
1485,2026-09-24 12:04:28,deportes,positivo,38,9,3,65
1056,2026-09-24 12:04:29,tecnologia,negativo,31,3,3,46
1838,2026-09-24 12:04:37,tecnologia,neutral,30,5,5,55
1964,2026-09-24 12:05:20,tecnologia,negativo,35,6,4,59
224,2026-09-24 12:05:37,entretenimiento,negativo,42,2,3,55
2713,2026-09-24 12:05:44,politica,neutral,37,5,5,62
1100,2026-09-24 12:05:48,politica,neutral,27,4,3,44
61,2026-09-24 12:06:00,deportes,neutral,40,5,4,62
691,2026-09-24 12:06:05,tecnologia,neutral,24,3,1,33
2170,2026-09-24 12:06:15,politica,positivo,28,5,2,44
642,2026-09-24 12:06:23,entretenimiento,neutral,26,7,5,55
252,2026-09-24 12:06:29,tecnologia,positivo,30,5,5,55
2151,2026-09-24 12:06:50,politica,positivo,33,5,2,49
418,2026-09-24 12:06:51,entretenimiento,neutral,27,5,6,55
79,2026-09-24 12:07:04,salud,neutral,34,7,5,63
1561,2026-09-24 12:07:08,salud,positivo,29,4,3,46
1475,2026-09-24 12:07:08,politica,neutral,43,9,3,70
2401,2026-09-24 12:07:08,politica,positivo,36,4,3,53
2630,2026-09-24 12:07:14,deportes,positivo,31,9,6,67
1615,2026-09-24 12:07:36,tecnologia,neutral,33,7,6,65
2070,2026-09-24 12:08:27,entretenimiento,neutral,38,4,3,55
1379,2026-09-24 12:08:49,tecnologia,neutral,38,8,1,57
2438,2026-09-24 12:09:56,salud,neutral,39,5,5,64
244,2026-09-24 12:10:02,tecnologia,neutral,21,4,2,35
1614,2026-09-24 12:10:07,entretenimiento,neutral,36,5,5,61
820,2026-09-24 12:10:15,entretenimiento,positivo,30,5,2,46
167,2026-09-24 12:10:17,entretenimiento,positivo,32,4,5,55
395,2026-09-24 12:10:37,politica,neutral,41,5,4,63
626,2026-09-24 12:10:49,entretenimiento,neutral,33,10,4,65
827,2026-09-24 12:10:53,politica,neutral,46,4,4,66
2971,2026-09-24 12:11:41,politica,neutral,34,8,4,62
2272,2026-09-24 12:12:09,deportes,positivo,28,10,3,57
269,2026-09-24 12:12:21,entretenimiento,neutral,24,6,2,42
1505,2026-09-24 12:12:33,entretenimiento,negativo,24,9,3,51
1632,2026-09-24 12:13:28,deportes,positivo,31,6,3,52
871,2026-09-24 12:13:49,politica,positivo,28,4,4,48
2925,2026-09-24 12:14:02,tecnologia,neutral,29,3,4,47
1,2026-09-24 12:14:42,deportes,positivo,27,11,4,61
703,2026-09-24 12:14:52,deportes,positivo,43,4,3,60
2344,2026-09-24 12:15:04,entretenimiento,positivo,46,7,10,90
2282,2026-09-24 12:15:19,entretenimiento,positivo,36,4,6,62
1968,2026-09-24 12:15:22,deportes,positivo,21,8,4,49
1769,2026-09-24 12:15:25,politica,neutral,36,1,6,56
1803,2026-09-24 12:15:49,entretenimiento,positivo,44,5,2,60
2921,2026-09-24 12:16:06,salud,negativo,35,5,2,51
1288,2026-09-24 12:16:07,tecnologia,neutral,39,9,4,69
2975,2026-09-24 12:16:23,salud,positivo,41,7,5,70
1348,2026-09-24 12:16:24,tecnologia,neutral,35,6,4,59
1489,2026-09-24 12:16:55,politica,positivo,41,6,4,65
1681,2026-09-24 12:16:56,deportes,positivo,28,5,3,47
2310,2026-09-24 12:18:09,deportes,positivo,39,8,6,73
838,2026-09-24 12:19:01,entretenimiento,positivo,37,6,6,67
570,2026-09-24 12:19:19,tecnologia,neutral,41,5,5,66
2850,2026-09-24 12:19:27,salud,neutral,39,8,2,61
134,2026-09-24 12:19:37,politica,negativo,34,3,0,40
1326,2026-09-24 12:19:46,salud,positivo,42,5,8,76
1163,2026-09-24 12:19:54,entretenimiento,positivo,35,4,6,61
282,2026-09-24 12:20:28,deportes,negativo,29,4,1,40
584,2026-09-24 12:20:34,politica,positivo,38,6,5,65
349,2026-09-24 12:20:36,politica,positivo,39,6,2,57
2163,2026-09-24 12:20:43,deportes,positivo,28,4,6,54
2288,2026-09-24 12:21:46,tecnologia,positivo,44,1,4,58
2036,2026-09-24 12:22:13,deportes,negativo,34,5,3,53
2494,2026-09-24 12:22:22,tecnologia,neutral,42,4,5,65
1129,2026-09-24 12:22:31,entretenimiento,positivo,29,6,3,50
2962,2026-09-24 12:22:38,tecnologia,negativo,36,6,5,63
2417,2026-09-24 12:22:42,tecnologia,positivo,34,5,5,59
181,2026-09-24 12:22:44,tecnologia,positivo,33,9,4,63
1969,2026-09-24 12:23:29,salud,neutral,27,4,5,50
1899,2026-09-24 12:23:29,deportes,positivo,32,6,5,59
2551,2026-09-24 12:24:11,deportes,negativo,35,0,3,44
2200,2026-09-24 12:24:21,tecnologia,positivo,32,7,4,58
995,2026-09-24 12:24:22,politica,positivo,28,6,2,46
1504,2026-09-24 12:24:31,tecnologia,positivo,33,3,4,51
1695,2026-09-24 12:24:42,entretenimiento,positivo,38,6,4,62
1142,2026-09-24 12:25:20,salud,positivo,38,7,2,58
546,2026-09-24 12:25:30,entretenimiento,neutral,34,5,3,53
1654,2026-09-24 12:25:53,deportes,positivo,32,6,2,50
2336,2026-09-24 12:26:05,entretenimiento,negativo,42,9,5,75
2646,2026-09-24 12:26:52,politica,negativo,25,4,2,39
623,2026-09-24 12:27:09,salud,positivo,24,5,5,49
2579,2026-09-24 12:27:13,politica,positivo,28,12,2,58
2846,2026-09-24 12:27:15,tecnologia,positivo,31,4,6,57
1602,2026-09-24 12:27:37,deportes,positivo,39,5,4,61
2754,2026-09-24 12:28:01,entretenimiento,positivo,39,4,6,65
2437,2026-09-24 12:28:34,deportes,neutral,27,9,5,60
1182,2026-09-24 12:28:35,tecnologia,negativo,46,6,3,67
2825,2026-09-24 12:29:09,salud,positivo,27,9,3,54
1486,2026-09-24 12:29:36,politica,neutral,35,2,7,60
2348,2026-09-24 12:29:42,entretenimiento,positivo,33,5,7,64
2148,2026-09-24 12:30:02,tecnologia,negativo,30,7,6,62
2490,2026-09-24 12:30:19,deportes,positivo,41,6,3,62
1193,2026-09-24 12:31:06,entretenimiento,positivo,43,2,1,50
1766,2026-09-24 12:31:24,entretenimiento,neutral,36,1,7,59
2391,2026-09-24 12:31:26,deportes,positivo,43,14,4,83
517,2026-09-24 12:31:35,entretenimiento,positivo,29,7,9,70
784,2026-09-24 12:32:03,tecnologia,positivo,38,3,2,50
981,2026-09-24 12:32:23,tecnologia,positivo,31,4,6,57
2677,2026-09-24 12:33:03,politica,neutral,36,9,4,66
1386,2026-09-24 12:33:06,deportes,neutral,35,2,7,60
2338,2026-09-24 12:33:13,salud,positivo,38,6,1,53
2685,2026-09-24 12:34:08,tecnologia,neutral,31,7,5,60
2891,2026-09-24 12:34:28,entretenimiento,negativo,34,6,2,52
331,2026-09-24 12:34:59,deportes,negativo,41,5,3,60
2604,2026-09-24 12:35:12,politica,positivo,41,5,5,66
86,2026-09-24 12:35:45,deportes,positivo,35,4,5,58
1069,2026-09-24 12:36:07,entretenimiento,positivo,37,10,5,72
2870,2026-09-24 12:36:21,politica,positivo,25,7,6,57
195,2026-09-24 12:36:57,politica,positivo,37,9,8,79
411,2026-09-24 12:37:33,salud,neutral,41,2,4,57
747,2026-09-24 12:37:34,deportes,neutral,42,6,5,69
196,2026-09-24 12:37:39,deportes,neutral,37,7,3,60
64,2026-09-24 12:37:45,entretenimiento,neutral,26,8,3,51
2573,2026-09-24 12:38:20,deportes,neutral,43,5,3,62
2300,2026-09-24 12:38:27,tecnologia,neutral,37,3,5,58
136,2026-09-24 12:38:33,deportes,neutral,29,6,4,53
1739,2026-09-24 12:38:50,politica,neutral,39,12,5,78
2450,2026-09-24 12:39:34,entretenimiento,negativo,26,5,5,51
429,2026-09-24 12:39:37,deportes,positivo,32,8,1,51
1942,2026-09-24 12:40:10,entretenimiento,neutral,35,2,4,51
366,2026-09-24 12:41:01,tecnologia,negativo,32,9,4,62
1523,2026-09-24 12:41:06,politica,neutral,34,4,3,51
715,2026-09-24 12:41:45,deportes,neutral,31,9,4,61
740,2026-09-24 12:41:49,entretenimiento,neutral,36,6,2,54
1908,2026-09-24 12:42:20,politica,negativo,45,7,1,62
735,2026-09-24 12:42:28,deportes,positivo,28,3,2,40
2385,2026-09-24 12:42:30,entretenimiento,neutral,42,7,5,71
644,2026-09-24 12:42:32,entretenimiento,positivo,34,6,4,58
1309,2026-09-24 12:42:37,tecnologia,neutral,47,7,3,70
1285,2026-09-24 12:44:16,entretenimiento,neutral,28,6,2,46
1604,2026-09-24 12:44:27,deportes,positivo,37,6,2,55
2741,2026-09-24 12:44:28,deportes,positivo,36,4,2,50
2684,2026-09-24 12:45:49,tecnologia,neutral,28,6,7,61
60,2026-09-24 12:46:01,entretenimiento,neutral,36,5,6,64
640,2026-09-24 12:46:23,politica,positivo,36,5,7,67
1077,2026-09-24 12:46:45,entretenimiento,neutral,31,6,4,55
283,2026-09-24 12:46:59,politica,neutral,47,8,4,75
966,2026-09-24 12:47:17,politica,negativo,46,8,5,77
522,2026-09-24 12:47:52,deportes,negativo,38,8,4,66
1043,2026-09-24 12:47:57,entretenimiento,positivo,39,6,2,57
608,2026-09-24 12:48:11,salud,neutral,42,4,4,62
308,2026-09-24 12:48:27,deportes,positivo,34,1,5,51
1914,2026-09-24 12:48:48,entretenimiento,neutral,25,8,6,59
2820,2026-09-24 12:48:53,tecnologia,negativo,34,5,2,50
2881,2026-09-24 12:49:01,entretenimiento,positivo,30,4,7,59
2158,2026-09-24 12:49:09,entretenimiento,negativo,37,5,5,62
658,2026-09-24 12:49:10,deportes,positivo,34,10,7,75
1037,2026-09-24 12:49:19,deportes,positivo,31,4,1,42
1671,2026-09-24 12:49:31,deportes,neutral,45,8,8,85
2625,2026-09-24 12:49:47,politica,neutral,49,9,2,73
823,2026-09-24 12:49:50,entretenimiento,neutral,24,8,4,52
2840,2026-09-24 12:49:58,tecnologia,negativo,35,4,2,49
1841,2026-09-24 12:50:36,tecnologia,positivo,24,7,9,65
1820,2026-09-24 12:50:58,deportes,positivo,26,3,9,59
83,2026-09-24 12:51:06,deportes,neutral,39,6,7,72
294,2026-09-24 12:51:14,politica,negativo,37,8,6,71
1499,2026-09-24 12:51:16,salud,neutral,30,3,5,51
1029,2026-09-24 12:51:49,tecnologia,neutral,49,5,7,80
769,2026-09-24 12:51:59,deportes,positivo,45,7,2,65
2407,2026-09-24 12:52:04,politica,neutral,32,2,1,39
908,2026-09-24 12:52:15,deportes,neutral,38,5,4,60
2963,2026-09-24 12:52:30,tecnologia,neutral,30,7,4,56
2387,2026-09-24 12:52:36,deportes,neutral,34,9,3,61
956,2026-09-24 12:52:37,politica,positivo,27,9,5,60
24,2026-09-24 12:52:48,entretenimiento,positivo,40,7,3,63
2090,2026-09-24 12:53:02,tecnologia,positivo,46,5,3,65
754,2026-09-24 12:53:16,politica,neutral,35,5,8,69
1909,2026-09-24 12:54:26,tecnologia,positivo,40,7,2,60
2949,2026-09-24 12:55:24,deportes,neutral,45,7,3,68
2751,2026-09-24 12:55:32,tecnologia,positivo,36,4,5,59
707,2026-09-24 12:55:47,entretenimiento,negativo,34,4,2,48
139,2026-09-24 12:56:26,deportes,negativo,37,4,5,60
449,2026-09-24 12:56:28,deportes,positivo,32,2,1,39
1949,2026-09-24 12:56:33,tecnologia,negativo,34,4,7,63
123,2026-09-24 12:56:37,entretenimiento,negativo,29,8,1,48
910,2026-09-24 12:57:01,salud,neutral,42,4,2,56
376,2026-09-24 12:57:23,entretenimiento,positivo,48,5,2,64
1924,2026-09-24 12:57:32,entretenimiento,neutral,36,6,1,51
2652,2026-09-24 12:57:52,entretenimiento,neutral,50,6,2,68
496,2026-09-24 12:58:04,salud,positivo,34,4,3,51
393,2026-09-24 12:58:05,politica,positivo,31,7,4,57
178,2026-09-24 12:58:10,salud,positivo,35,3,9,68
361,2026-09-24 12:58:17,deportes,positivo,31,7,5,60
828,2026-09-24 12:58:25,tecnologia,neutral,42,7,7,77
661,2026-09-24 12:58:28,deportes,neutral,38,7,5,67
594,2026-09-24 12:58:33,tecnologia,neutral,22,9,2,46
2017,2026-09-24 12:58:43,deportes,neutral,33,3,1,42
2617,2026-09-24 12:58:54,entretenimiento,negativo,29,6,4,53
565,2026-09-24 12:59:35,deportes,negativo,50,9,2,74
2369,2026-09-24 12:59:54,politica,negativo,35,7,6,67
427,2026-09-24 13:00:18,entretenimiento,positivo,27,3,2,39
1962,2026-09-24 13:00:59,entretenimiento,positivo,30,6,7,63
2764,2026-09-24 13:01:06,entretenimiento,positivo,32,10,0,52
126,2026-09-24 13:01:39,tecnologia,neutral,45,10,4,77
2007,2026-09-24 13:02:43,tecnologia,neutral,31,9,6,67
2117,2026-09-24 13:02:50,entretenimiento,negativo,26,6,5,53
1230,2026-09-24 13:03:11,deportes,negativo,37,5,1,50
539,2026-09-24 13:03:25,deportes,negativo,34,6,6,64
2318,2026-09-24 13:04:14,deportes,neutral,32,8,6,66
392,2026-09-24 13:04:48,tecnologia,positivo,30,5,3,49
2584,2026-09-24 13:04:53,deportes,neutral,37,7,4,63
1058,2026-09-24 13:05:09,politica,positivo,30,7,7,65
344,2026-09-24 13:05:13,deportes,negativo,48,5,4,70
2513,2026-09-24 13:05:22,salud,negativo,35,2,7,60
2196,2026-09-24 13:06:05,tecnologia,neutral,36,3,8,66
2549,2026-09-24 13:06:13,entretenimiento,neutral,32,5,6,60
1225,2026-09-24 13:06:29,salud,neutral,36,5,3,55
830,2026-09-24 13:07:13,tecnologia,positivo,37,4,6,63
2919,2026-09-24 13:07:43,deportes,positivo,49,5,2,65
247,2026-09-24 13:08:13,tecnologia,negativo,44,6,2,62
1474,2026-09-24 13:09:49,politica,positivo,33,2,3,46
1740,2026-09-24 13:09:50,salud,positivo,40,4,7,69
865,2026-09-24 13:10:39,tecnologia,neutral,41,6,3,62
2779,2026-09-24 13:10:52,deportes,positivo,39,4,6,65
1589,2026-09-24 13:10:57,deportes,neutral,40,4,2,54
407,2026-09-24 13:11:13,entretenimiento,negativo,33,0,4,45
1660,2026-09-24 13:11:53,salud,positivo,43,10,3,72
2258,2026-09-24 13:12:21,entretenimiento,positivo,32,5,1,45
1107,2026-09-24 13:12:45,politica,neutral,30,7,2,50
675,2026-09-24 13:12:48,deportes,neutral,31,6,7,64
1000,2026-09-24 13:12:56,deportes,negativo,47,5,3,66
836,2026-09-24 13:12:59,deportes,neutral,43,6,2,61
1570,2026-09-24 13:13:11,politica,negativo,42,5,4,64
2058,2026-09-24 13:13:19,deportes,positivo,36,10,0,56
2260,2026-09-24 13:13:39,politica,negativo,44,7,2,64
1419,2026-09-24 13:14:03,entretenimiento,neutral,32,6,7,65
453,2026-09-24 13:14:15,tecnologia,neutral,49,7,1,66
636,2026-09-24 13:14:17,entretenimiento,neutral,40,4,6,66
2374,2026-09-24 13:14:40,deportes,positivo,43,3,4,61
1212,2026-09-24 13:14:42,entretenimiento,neutral,33,2,6,55
2829,2026-09-24 13:14:53,politica,neutral,43,5,4,65
2025,2026-09-24 13:15:11,tecnologia,neutral,31,6,5,58
864,2026-09-24 13:15:25,entretenimiento,negativo,41,2,1,48
2159,2026-09-24 13:15:41,tecnologia,neutral,41,8,5,72
1227,2026-09-24 13:15:45,politica,neutral,28,5,5,53
317,2026-09-24 13:16:03,politica,neutral,36,6,4,60
2016,2026-09-24 13:16:04,deportes,positivo,35,6,4,59
874,2026-09-24 13:16:15,deportes,positivo,29,5,5,54
1267,2026-09-24 13:16:16,deportes,neutral,28,4,6,54
809,2026-09-24 13:16:40,entretenimiento,positivo,37,3,0,43
1582,2026-09-24 13:16:41,entretenimiento,negativo,36,5,2,52
2725,2026-09-24 13:17:13,entretenimiento,neutral,27,4,6,53
2548,2026-09-24 13:17:17,deportes,positivo,36,3,1,45
567,2026-09-24 13:17:51,politica,positivo,40,8,4,68
556,2026-09-24 13:18:05,tecnologia,positivo,30,5,6,58
678,2026-09-24 13:18:13,entretenimiento,positivo,42,2,6,64
2994,2026-09-24 13:18:25,deportes,positivo,34,9,4,64
846,2026-09-24 13:18:37,tecnologia,neutral,41,5,6,69
1989,2026-09-24 13:19:11,politica,neutral,32,6,3,53
2795,2026-09-24 13:19:34,deportes,neutral,35,4,5,58
1076,2026-09-24 13:21:00,tecnologia,neutral,37,7,6,69
1480,2026-09-24 13:21:02,entretenimiento,negativo,40,3,7,67
1566,2026-09-24 13:21:50,entretenimiento,positivo,21,5,2,37
1535,2026-09-24 13:22:20,entretenimiento,positivo,28,5,6,56
1208,2026-09-24 13:22:24,entretenimiento,negativo,47,8,2,69
1892,2026-09-24 13:22:51,politica,neutral,44,6,4,68
2393,2026-09-24 13:23:55,entretenimiento,positivo,34,8,4,62
805,2026-09-24 13:24:08,politica,negativo,28,11,6,68
2460,2026-09-24 13:24:11,tecnologia,neutral,34,5,6,62
1444,2026-09-24 13:24:22,salud,neutral,28,4,6,54
2874,2026-09-24 13:24:22,entretenimiento,neutral,37,12,0,61
2379,2026-09-24 13:24:33,salud,neutral,35,7,4,61
40,2026-09-24 13:24:33,deportes,neutral,29,7,4,55
1630,2026-09-24 13:24:35,entretenimiento,positivo,27,10,4,59
2319,2026-09-24 13:24:38,salud,neutral,46,9,2,70
2930,2026-09-24 13:25:07,politica,positivo,32,11,7,75
2672,2026-09-24 13:25:26,entretenimiento,positivo,39,5,6,67
914,2026-09-24 13:25:46,tecnologia,neutral,35,5,2,51
2340,2026-09-24 13:25:47,deportes,neutral,33,3,4,51
2656,2026-09-24 13:26:00,salud,neutral,41,7,4,67
1705,2026-09-24 13:26:39,entretenimiento,positivo,36,6,3,57
1678,2026-09-24 13:26:49,tecnologia,neutral,41,5,2,57
2904,2026-09-24 13:27:24,tecnologia,negativo,21,5,6,49
774,2026-09-24 13:27:25,deportes,positivo,36,7,6,68
905,2026-09-24 13:27:34,entretenimiento,negativo,27,7,2,47
228,2026-09-24 13:27:53,entretenimiento,neutral,32,7,6,64
1064,2026-09-24 13:28:15,politica,negativo,30,7,4,56
2500,2026-09-24 13:28:15,entretenimiento,neutral,29,9,8,71
2362,2026-09-24 13:28:26,entretenimiento,neutral,33,5,3,52
692,2026-09-24 13:28:42,entretenimiento,negativo,27,6,8,63
1358,2026-09-24 13:29:48,politica,positivo,37,8,5,68
1693,2026-09-24 13:30:01,entretenimiento,neutral,41,8,2,63
2899,2026-09-24 13:30:11,politica,positivo,28,7,6,60
1659,2026-09-24 13:30:14,salud,neutral,42,7,8,80
1843,2026-09-24 13:30:25,salud,positivo,45,3,2,57
2623,2026-09-24 13:31:22,deportes,negativo,18,6,3,39
2565,2026-09-24 13:31:23,politica,neutral,28,5,4,50
1745,2026-09-24 13:31:50,entretenimiento,positivo,39,6,6,69
1397,2026-09-24 13:31:53,salud,positivo,35,6,4,59
2436,2026-09-24 13:32:03,tecnologia,positivo,32,7,5,61
19,2026-09-24 13:32:04,politica,neutral,38,7,3,61
1558,2026-09-24 13:32:15,deportes,neutral,37,6,7,70
2078,2026-09-24 13:32:38,deportes,neutral,38,6,3,59
916,2026-09-24 13:32:49,entretenimiento,negativo,31,3,1,40
1377,2026-09-24 13:33:07,deportes,negativo,33,4,5,56
1461,2026-09-24 13:33:48,entretenimiento,positivo,27,8,4,55
2130,2026-09-24 13:33:55,deportes,positivo,39,7,5,68
1950,2026-09-24 13:34:19,deportes,negativo,30,7,5,59
2124,2026-09-24 13:34:59,salud,negativo,43,6,6,73
2888,2026-09-24 13:35:25,politica,positivo,46,1,5,63
2649,2026-09-24 13:35:48,entretenimiento,positivo,34,5,6,62
955,2026-09-24 13:35:48,entretenimiento,neutral,27,6,3,48
416,2026-09-24 13:36:05,entretenimiento,neutral,43,6,4,67
2100,2026-09-24 13:36:18,deportes,positivo,29,10,8,73
1506,2026-09-24 13:36:33,politica,neutral,36,5,1,49
1915,2026-09-24 13:37:09,deportes,neutral,33,5,6,61
2841,2026-09-24 13:37:10,tecnologia,neutral,41,3,1,50
818,2026-09-24 13:37:20,politica,neutral,39,6,3,60
2320,2026-09-24 13:38:20,deportes,neutral,39,4,4,59
573,2026-09-24 13:39:21,deportes,negativo,37,10,3,66
527,2026-09-24 13:39:40,salud,positivo,33,5,6,61
1770,2026-09-24 13:40:47,politica,positivo,33,12,3,66
1487,2026-09-24 13:41:02,deportes,neutral,44,0,1,47
1083,2026-09-24 13:41:09,salud,negativo,29,3,2,41
2203,2026-09-24 13:41:16,entretenimiento,neutral,30,2,3,43
2688,2026-09-24 13:41:16,politica,negativo,33,8,5,64
1353,2026-09-24 13:41:33,politica,positivo,39,6,3,60
1637,2026-09-24 13:41:41,deportes,positivo,56,4,6,82
311,2026-09-24 13:41:42,politica,neutral,33,5,5,58
1702,2026-09-24 13:42:30,politica,positivo,33,4,1,44
1958,2026-09-24 13:42:32,entretenimiento,positivo,33,9,2,57
512,2026-09-24 13:43:01,tecnologia,negativo,42,11,5,79
2865,2026-09-24 13:43:13,politica,negativo,36,3,5,57
714,2026-09-24 13:43:40,deportes,negativo,35,8,7,72
737,2026-09-24 13:44:05,salud,neutral,34,8,1,53
1468,2026-09-24 13:44:09,entretenimiento,positivo,31,7,7,66
1490,2026-09-24 13:45:22,deportes,positivo,42,6,3,63
1920,2026-09-24 13:45:41,politica,positivo,28,7,2,48
824,2026-09-24 13:46:08,tecnologia,neutral,45,9,4,75
1382,2026-09-24 13:46:13,politica,neutral,31,5,3,50
925,2026-09-24 13:46:15,deportes,negativo,32,9,3,59
345,2026-09-24 13:47:34,politica,negativo,35,6,3,56
2571,2026-09-24 13:48:58,politica,positivo,32,12,3,65
1291,2026-09-24 13:49:07,entretenimiento,neutral,31,6,7,64
398,2026-09-24 13:49:45,salud,negativo,31,5,4,53
2264,2026-09-24 13:49:56,salud,neutral,38,8,6,72
2467,2026-09-24 13:49:59,entretenimiento,positivo,28,4,3,45
1734,2026-09-24 13:50:46,politica,positivo,35,5,5,60
2384,2026-09-24 13:51:36,politica,positivo,23,6,2,41
1211,2026-09-24 13:51:53,deportes,positivo,38,5,3,57
1128,2026-09-24 13:52:09,tecnologia,neutral,30,10,2,56
2508,2026-09-24 13:52:19,entretenimiento,neutral,31,4,7,60
107,2026-09-24 13:52:59,tecnologia,positivo,29,7,5,58
1256,2026-09-24 13:53:10,deportes,neutral,35,13,3,70
2690,2026-09-24 13:53:17,deportes,positivo,29,5,5,54
988,2026-09-24 13:53:36,salud,neutral,42,4,2,56
1978,2026-09-24 13:53:47,entretenimiento,positivo,38,5,3,57
1947,2026-09-24 13:53:51,entretenimiento,positivo,31,8,5,62
1065,2026-09-24 13:54:18,salud,positivo,43,7,4,69
2981,2026-09-24 13:54:53,politica,negativo,33,8,5,64
894,2026-09-24 13:54:54,salud,neutral,31,9,3,58
1588,2026-09-24 13:55:01,deportes,neutral,48,7,8,86
1778,2026-09-24 13:56:04,tecnologia,neutral,38,7,9,79
98,2026-09-24 13:56:06,entretenimiento,positivo,45,6,3,66
2776,2026-09-24 13:56:09,entretenimiento,positivo,34,9,4,64
1842,2026-09-24 13:56:11,entretenimiento,positivo,34,6,5,61
1919,2026-09-24 13:56:27,entretenimiento,positivo,32,9,5,65
329,2026-09-24 13:56:30,entretenimiento,positivo,42,11,7,85
1315,2026-09-24 13:57:11,salud,neutral,34,3,4,52
2835,2026-09-24 13:57:12,deportes,positivo,34,6,5,61
964,2026-09-24 13:57:27,politica,positivo,32,9,6,68
655,2026-09-24 13:57:29,salud,neutral,33,2,4,49
1346,2026-09-24 13:57:29,deportes,neutral,36,7,5,65
1223,2026-09-24 13:57:58,politica,negativo,31,6,5,58
2457,2026-09-24 13:57:59,entretenimiento,neutral,30,5,8,64
568,2026-09-24 13:58:00,politica,neutral,29,6,2,47
739,2026-09-24 13:58:06,politica,positivo,36,4,3,53
131,2026-09-24 13:58:43,politica,positivo,33,5,4,55
2403,2026-09-24 13:58:44,politica,neutral,33,8,7,70
788,2026-09-24 13:58:59,deportes,positivo,32,10,4,64
1737,2026-09-24 13:59:05,entretenimiento,positivo,33,5,2,49
2306,2026-09-24 13:59:20,entretenimiento,neutral,42,3,1,51
2445,2026-09-24 13:59:27,entretenimiento,negativo,28,4,6,54
456,2026-09-24 14:01:10,politica,positivo,20,4,1,31
1086,2026-09-24 14:01:11,deportes,neutral,44,7,7,79
1768,2026-09-24 14:01:15,tecnologia,neutral,30,7,7,65
2988,2026-09-24 14:01:18,politica,positivo,38,7,4,64
2598,2026-09-24 14:01:24,tecnologia,neutral,39,8,7,76
1761,2026-09-24 14:01:29,entretenimiento,negativo,40,14,2,74
1132,2026-09-24 14:01:48,politica,neutral,25,5,6,53
1342,2026-09-24 14:02:08,politica,negativo,26,7,4,52
351,2026-09-24 14:02:16,deportes,neutral,33,8,4,61
1873,2026-09-24 14:02:23,entretenimiento,negativo,28,7,6,60
1939,2026-09-24 14:03:04,entretenimiento,negativo,27,9,5,60
2010,2026-09-24 14:03:14,deportes,negativo,33,7,4,59
835,2026-09-24 14:03:26,salud,neutral,27,6,3,48
232,2026-09-24 14:04:34,entretenimiento,positivo,36,8,2,58
862,2026-09-24 14:04:55,deportes,neutral,36,6,1,51
2469,2026-09-24 14:05:05,deportes,neutral,38,8,3,63
2064,2026-09-24 14:05:25,entretenimiento,neutral,31,5,5,56
832,2026-09-24 14:06:14,politica,negativo,38,5,6,66
2970,2026-09-24 14:06:26,tecnologia,positivo,32,6,1,47
2364,2026-09-24 14:07:01,politica,positivo,27,5,5,52
42,2026-09-24 14:07:31,tecnologia,positivo,39,6,4,63
2278,2026-09-24 14:07:36,deportes,neutral,30,10,4,62
2689,2026-09-24 14:08:27,tecnologia,positivo,26,6,5,53
25,2026-09-24 14:08:36,entretenimiento,positivo,31,9,4,61
2769,2026-09-24 14:08:40,tecnologia,positivo,37,7,9,78
1746,2026-09-24 14:09:34,deportes,negativo,32,3,7,59
148,2026-09-24 14:10:09,deportes,positivo,33,7,7,68
1988,2026-09-24 14:11:13,politica,neutral,29,8,8,69
2629,2026-09-24 14:11:19,entretenimiento,negativo,35,7,7,70
2226,2026-09-24 14:11:24,tecnologia,neutral,28,6,4,52
1502,2026-09-24 14:11:49,entretenimiento,neutral,39,4,3,56
495,2026-09-24 14:11:57,salud,positivo,34,7,5,63
2145,2026-09-24 14:12:59,tecnologia,negativo,31,9,6,67
1714,2026-09-24 14:13:03,deportes,positivo,32,3,5,53
1280,2026-09-24 14:13:15,politica,neutral,27,3,4,45
1928,2026-09-24 14:13:27,politica,negativo,60,6,3,81
287,2026-09-24 14:14:34,tecnologia,neutral,34,2,4,50
1422,2026-09-24 14:14:50,entretenimiento,positivo,30,4,5,53
741,2026-09-24 14:15:19,tecnologia,neutral,25,4,4,45
2413,2026-09-24 14:15:24,deportes,neutral,49,9,8,91
2730,2026-09-24 14:15:55,deportes,negativo,39,3,3,54
744,2026-09-24 14:16:31,salud,positivo,32,4,5,55
2724,2026-09-24 14:16:41,deportes,neutral,39,3,7,66
1688,2026-09-24 14:17:28,entretenimiento,negativo,46,6,2,64
1664,2026-09-24 14:18:12,salud,neutral,27,7,3,50
2122,2026-09-24 14:18:29,tecnologia,neutral,46,11,4,80
1138,2026-09-24 14:18:54,tecnologia,positivo,39,7,3,62
650,2026-09-24 14:19:12,entretenimiento,negativo,46,8,4,74
342,2026-09-24 14:20:00,deportes,positivo,35,9,10,83
2887,2026-09-24 14:20:12,entretenimiento,neutral,37,5,2,53
2165,2026-09-24 14:20:55,tecnologia,neutral,35,5,3,54
2273,2026-09-24 14:21:23,deportes,neutral,23,2,1,30
1264,2026-09-24 14:21:32,deportes,neutral,32,7,1,49
1010,2026-09-24 14:21:34,salud,neutral,22,7,6,54
458,2026-09-24 14:22:28,entretenimiento,neutral,39,4,1,50
2410,2026-09-24 14:22:33,entretenimiento,neutral,28,5,3,47
276,2026-09-24 14:22:38,entretenimiento,positivo,35,9,6,71
2052,2026-09-24 14:22:58,tecnologia,negativo,35,2,6,57
491,2026-09-24 14:23:07,politica,positivo,41,2,4,57
2424,2026-09-24 14:23:39,entretenimiento,neutral,36,3,3,51
1783,2026-09-24 14:24:19,entretenimiento,neutral,42,9,8,84
986,2026-09-24 14:24:29,deportes,positivo,33,7,4,59
606,2026-09-24 14:24:53,entretenimiento,positivo,37,7,2,57
579,2026-09-24 14:25:03,deportes,positivo,33,7,5,62
90,2026-09-24 14:25:37,tecnologia,neutral,31,4,1,42
2289,2026-09-24 14:26:07,deportes,neutral,36,3,0,42
339,2026-09-24 14:26:11,tecnologia,positivo,41,10,3,70
2033,2026-09-24 14:26:19,deportes,positivo,37,7,7,72
1168,2026-09-24 14:26:30,tecnologia,negativo,32,8,4,60
2197,2026-09-24 14:27:37,entretenimiento,neutral,45,13,6,89
1205,2026-09-24 14:28:10,entretenimiento,positivo,36,2,7,61
609,2026-09-24 14:28:25,politica,negativo,37,6,3,58
1330,2026-09-24 14:28:30,deportes,positivo,38,10,2,64
2732,2026-09-24 14:29:39,tecnologia,positivo,34,4,6,60
1771,2026-09-24 14:30:05,salud,negativo,42,6,4,66
2518,2026-09-24 14:30:15,deportes,neutral,40,8,5,71
849,2026-09-24 14:30:57,entretenimiento,negativo,32,5,3,51
1858,2026-09-24 14:31:16,politica,neutral,38,3,6,62
2415,2026-09-24 14:31:42,entretenimiento,positivo,35,7,7,70
2694,2026-09-24 14:32:15,deportes,negativo,40,9,3,67
789,2026-09-24 14:32:24,deportes,neutral,28,11,4,62
96,2026-09-24 14:32:42,salud,negativo,37,3,2,49
2086,2026-09-24 14:33:06,politica,positivo,30,8,5,61
970,2026-09-24 14:33:31,tecnologia,neutral,30,10,6,68
2459,2026-09-24 14:33:40,politica,positivo,29,3,3,44
341,2026-09-24 14:33:45,deportes,neutral,34,3,3,49
403,2026-09-24 14:33:50,tecnologia,negativo,42,5,2,58
1498,2026-09-24 14:34:33,deportes,negativo,36,7,0,50
2337,2026-09-24 14:34:40,tecnologia,negativo,32,1,0,34
1692,2026-09-24 14:34:55,politica,positivo,28,6,4,52
2311,2026-09-24 14:35:55,entretenimiento,positivo,38,6,5,65
1238,2026-09-24 14:36:26,salud,neutral,35,8,3,60
793,2026-09-24 14:37:16,politica,neutral,24,7,9,65
2057,2026-09-24 14:37:17,salud,negativo,29,10,3,58
1026,2026-09-24 14:37:28,politica,negativo,32,5,2,48
2313,2026-09-24 14:37:49,deportes,neutral,40,6,4,64
1275,2026-09-24 14:38:19,salud,positivo,27,2,2,37
922,2026-09-24 14:38:43,politica,positivo,39,3,3,54
2283,2026-09-24 14:38:59,entretenimiento,neutral,30,2,0,34
627,2026-09-24 14:39:07,tecnologia,positivo,41,6,4,65
2648,2026-09-24 14:39:50,deportes,negativo,36,6,2,54
1621,2026-09-24 14:40:23,deportes,positivo,39,4,5,62
1525,2026-09-24 14:41:06,tecnologia,positivo,41,7,5,70
2147,2026-09-24 14:41:26,politica,neutral,35,7,5,64
1431,2026-09-24 14:41:44,entretenimiento,negativo,39,11,7,82
363,2026-09-24 14:41:52,tecnologia,positivo,43,7,1,60
713,2026-09-24 14:42:07,politica,positivo,31,2,7,56
583,2026-09-24 14:42:12,entretenimiento,positivo,38,4,3,55
2774,2026-09-24 14:42:12,politica,negativo,29,11,6,69
2083,2026-09-24 14:42:55,politica,negativo,47,9,2,71
2546,2026-09-24 14:43:05,entretenimiento,neutral,36,5,4,58
2583,2026-09-24 14:43:59,deportes,negativo,37,6,3,58
1984,2026-09-24 14:44:29,tecnologia,positivo,44,6,6,74
2650,2026-09-24 14:44:36,entretenimiento,positivo,36,4,7,65
483,2026-09-24 14:44:39,entretenimiento,positivo,37,8,4,65
2809,2026-09-24 14:45:12,politica,negativo,32,2,5,51
2149,2026-09-24 14:45:13,politica,positivo,27,5,2,43
2876,2026-09-24 14:45:33,politica,positivo,35,6,4,59
2817,2026-09-24 14:45:45,entretenimiento,positivo,35,8,6,69
1433,2026-09-24 14:45:45,deportes,neutral,29,6,9,68
1139,2026-09-24 14:45:46,tecnologia,positivo,40,5,6,68
624,2026-09-24 14:46:21,tecnologia,positivo,37,5,3,56
2757,2026-09-24 14:46:59,deportes,positivo,43,7,0,57
1764,2026-09-24 14:47:23,tecnologia,neutral,36,6,6,66
1546,2026-09-24 14:47:53,entretenimiento,positivo,41,5,4,63
526,2026-09-24 14:48:01,deportes,positivo,31,4,4,51
154,2026-09-24 14:48:48,entretenimiento,positivo,51,7,5,80
2954,2026-09-24 14:48:59,tecnologia,positivo,32,4,1,43
1704,2026-09-24 14:49:01,tecnologia,negativo,44,4,4,64
143,2026-09-24 14:49:24,politica,positivo,28,5,5,53
1983,2026-09-24 14:49:24,tecnologia,neutral,40,4,2,54
1758,2026-09-24 14:50:28,deportes,neutral,36,4,4,56
2485,2026-09-24 14:51:36,politica,positivo,35,8,4,63
2496,2026-09-24 14:52:43,tecnologia,positivo,36,9,5,69
1268,2026-09-24 14:52:56,entretenimiento,negativo,33,6,2,51
2574,2026-09-24 14:53:17,deportes,neutral,39,1,2,47
979,2026-09-24 14:53:19,deportes,neutral,30,5,8,64
1059,2026-09-24 14:53:23,entretenimiento,positivo,44,2,4,60
1252,2026-09-24 14:53:38,politica,positivo,43,6,5,70
858,2026-09-24 14:53:41,entretenimiento,neutral,33,1,5,50
2877,2026-09-24 14:53:43,politica,positivo,42,10,6,80
1390,2026-09-24 14:54:11,deportes,negativo,46,6,5,73
2487,2026-09-24 14:54:21,entretenimiento,positivo,34,4,3,51
1451,2026-09-24 14:54:22,salud,negativo,42,8,4,70
1406,2026-09-24 14:54:28,politica,positivo,38,5,1,51
700,2026-09-24 14:55:35,politica,positivo,41,5,3,60
2051,2026-09-24 14:55:58,salud,negativo,43,6,2,61
424,2026-09-24 14:56:00,politica,neutral,34,7,6,66
1584,2026-09-24 14:56:24,entretenimiento,negativo,30,8,2,52
2831,2026-09-24 14:56:29,politica,negativo,32,11,5,69
1886,2026-09-24 14:56:38,entretenimiento,positivo,43,5,3,62
2661,2026-09-24 14:56:42,tecnologia,positivo,49,9,4,79
1374,2026-09-24 14:57:15,tecnologia,neutral,38,6,3,59
1258,2026-09-24 14:57:22,entretenimiento,positivo,34,6,3,55
596,2026-09-24 14:57:51,deportes,neutral,26,6,5,53
234,2026-09-24 14:58:34,politica,positivo,33,6,6,63
1355,2026-09-24 14:59:12,entretenimiento,negativo,38,1,10,70
2856,2026-09-24 14:59:31,entretenimiento,neutral,33,4,5,56
581,2026-09-24 14:59:31,tecnologia,neutral,30,6,3,51
2560,2026-09-24 14:59:33,salud,positivo,29,3,3,44
693,2026-09-24 14:59:35,tecnologia,neutral,44,10,7,85
758,2026-09-24 15:01:07,entretenimiento,neutral,35,9,4,65
211,2026-09-24 15:01:08,deportes,positivo,37,4,1,48
188,2026-09-24 15:01:12,politica,neutral,34,4,4,54
1378,2026-09-24 15:01:30,entretenimiento,neutral,42,12,3,75
825,2026-09-24 15:01:32,politica,neutral,30,7,6,62
1662,2026-09-24 15:02:04,deportes,positivo,43,7,5,72
502,2026-09-24 15:02:18,deportes,neutral,50,6,6,80
2738,2026-09-24 15:03:10,entretenimiento,neutral,38,4,5,61
942,2026-09-24 15:03:11,deportes,positivo,31,5,6,59
2696,2026-09-24 15:03:40,entretenimiento,negativo,33,6,5,60
2359,2026-09-24 15:04:33,entretenimiento,positivo,29,5,6,57
327,2026-09-24 15:04:36,deportes,neutral,46,4,2,60
1864,2026-09-24 15:04:47,entretenimiento,neutral,33,7,5,62
2303,2026-09-24 15:05:03,entretenimiento,neutral,32,10,3,61
2934,2026-09-24 15:06:22,entretenimiento,neutral,40,9,1,61
1501,2026-09-24 15:06:29,salud,neutral,27,8,3,52
674,2026-09-24 15:06:31,deportes,neutral,32,3,2,44
130,2026-09-24 15:06:52,deportes,neutral,30,8,6,64
2270,2026-09-24 15:07:06,tecnologia,positivo,28,7,3,51
1727,2026-09-24 15:07:10,deportes,positivo,38,6,3,59
2947,2026-09-24 15:07:26,tecnologia,positivo,40,6,3,61
2439,2026-09-24 15:07:30,deportes,negativo,33,8,6,67
120,2026-09-24 15:08:00,tecnologia,neutral,27,9,3,54
2691,2026-09-24 15:08:10,politica,neutral,34,8,4,62
2867,2026-09-24 15:08:37,politica,negativo,28,6,1,43
2701,2026-09-24 15:08:47,entretenimiento,neutral,30,2,1,37
1895,2026-09-24 15:09:18,entretenimiento,neutral,33,7,2,53
928,2026-09-24 15:09:23,entretenimiento,neutral,31,4,2,45
1394,2026-09-24 15:09:32,politica,positivo,34,5,5,59
934,2026-09-24 15:09:43,tecnologia,negativo,33,2,1,40
1432,2026-09-24 15:10:14,entretenimiento,positivo,31,5,5,56
2043,2026-09-24 15:10:15,tecnologia,neutral,39,6,9,78
1483,2026-09-24 15:10:54,entretenimiento,positivo,43,5,8,77
2606,2026-09-24 15:11:02,entretenimiento,positivo,31,5,3,50
2593,2026-09-24 15:11:24,salud,neutral,29,4,4,49
1700,2026-09-24 15:11:24,politica,positivo,38,4,1,49
1643,2026-09-24 15:12:58,deportes,neutral,38,6,6,68
637,2026-09-24 15:13:10,tecnologia,positivo,31,4,1,42
137,2026-09-24 15:13:40,politica,neutral,33,7,4,59
288,2026-09-24 15:13:41,tecnologia,positivo,31,6,5,58
173,2026-09-24 15:14:01,deportes,neutral,48,6,3,69
2094,2026-09-24 15:14:11,deportes,neutral,40,5,5,65
2049,2026-09-24 15:14:24,politica,neutral,32,7,2,52
1878,2026-09-24 15:15:26,tecnologia,neutral,29,8,4,57
303,2026-09-24 15:16:47,deportes,positivo,41,2,5,60
2985,2026-09-24 15:17:04,entretenimiento,positivo,30,3,3,45
2134,2026-09-24 15:17:29,politica,neutral,33,7,6,65
1540,2026-09-24 15:17:53,politica,positivo,40,9,1,61
1002,2026-09-24 15:18:32,salud,neutral,30,4,3,47
1901,2026-09-24 15:18:51,salud,positivo,32,5,7,63
2441,2026-09-24 15:19:19,tecnologia,positivo,43,5,4,65
748,2026-09-24 15:20:58,entretenimiento,positivo,36,4,3,53
1313,2026-09-24 15:21:45,deportes,negativo,41,5,1,54
734,2026-09-24 15:22:07,entretenimiento,positivo,28,6,5,55
2897,2026-09-24 15:22:31,tecnologia,positivo,36,7,5,65
302,2026-09-24 15:22:44,politica,neutral,41,8,4,69
2948,2026-09-24 15:23:11,entretenimiento,neutral,48,5,2,64
478,2026-09-24 15:23:23,politica,negativo,43,11,3,74
1628,2026-09-24 15:23:31,entretenimiento,negativo,43,5,5,68
2712,2026-09-24 15:23:45,deportes,negativo,49,7,6,81
2294,2026-09-24 15:23:56,politica,negativo,31,8,3,56
2495,2026-09-24 15:24:24,tecnologia,neutral,33,7,6,65
2475,2026-09-24 15:25:17,tecnologia,neutral,44,7,9,85
48,2026-09-24 15:25:49,tecnologia,neutral,32,2,3,45
275,2026-09-24 15:26:12,entretenimiento,positivo,39,4,1,50
2085,2026-09-24 15:26:21,entretenimiento,neutral,34,6,3,55
1052,2026-09-24 15:26:52,deportes,neutral,25,10,2,51
1610,2026-09-24 15:27:21,politica,negativo,32,5,6,60
2180,2026-09-24 15:27:32,entretenimiento,neutral,28,8,4,56
2062,2026-09-24 15:27:48,deportes,negativo,29,6,1,44
1793,2026-09-24 15:28:03,deportes,positivo,36,4,7,65
66,2026-09-24 15:28:12,tecnologia,negativo,35,8,5,66
2102,2026-09-24 15:28:18,deportes,positivo,37,6,8,73
534,2026-09-24 15:29:29,deportes,neutral,32,8,6,66
2222,2026-09-24 15:29:33,tecnologia,positivo,50,6,4,74
1751,2026-09-24 15:29:49,politica,positivo,35,5,5,60
1094,2026-09-24 15:29:51,entretenimiento,neutral,32,8,8,72
1760,2026-09-24 15:31:00,deportes,positivo,45,6,3,66
1641,2026-09-24 15:31:43,salud,neutral,32,9,2,56
1613,2026-09-24 15:31:53,tecnologia,positivo,36,9,1,57
1733,2026-09-24 15:32:03,tecnologia,negativo,32,5,3,51
1126,2026-09-24 15:33:16,salud,neutral,36,5,5,61
475,2026-09-24 15:33:46,politica,positivo,44,4,7,73
2470,2026-09-24 15:34:19,tecnologia,neutral,31,4,4,51
480,2026-09-24 15:34:32,entretenimiento,positivo,39,4,3,56
1415,2026-09-24 15:34:37,deportes,positivo,30,6,2,48
2072,2026-09-24 15:35:19,politica,neutral,43,6,5,70
364,2026-09-24 15:35:23,politica,neutral,34,6,3,55
1530,2026-09-24 15:36:09,deportes,neutral,25,3,6,49
321,2026-09-24 15:36:27,tecnologia,neutral,35,6,2,53
1946,2026-09-24 15:36:49,deportes,neutral,34,5,4,56
1331,2026-09-24 15:36:49,deportes,positivo,30,6,5,57
49,2026-09-24 15:37:42,politica,positivo,30,4,2,44
2060,2026-09-24 15:38:18,salud,positivo,31,8,3,56
18,2026-09-24 15:39:38,tecnologia,positivo,40,4,7,69
701,2026-09-24 15:39:38,entretenimiento,negativo,36,8,8,76
1041,2026-09-24 15:39:52,deportes,neutral,36,8,3,61
1580,2026-09-24 15:40:18,entretenimiento,positivo,41,4,3,58
1114,2026-09-24 15:40:35,deportes,positivo,31,5,8,65
634,2026-09-24 15:40:43,deportes,neutral,35,6,4,59
1548,2026-09-24 15:40:45,deportes,neutral,30,7,2,50
1876,2026-09-24 15:41:10,entretenimiento,neutral,28,6,3,49
1286,2026-09-24 15:41:34,entretenimiento,neutral,31,7,4,57
1180,2026-09-24 15:41:58,entretenimiento,negativo,38,6,5,65
104,2026-09-24 15:43:20,deportes,neutral,30,6,3,51
551,2026-09-24 15:44:26,salud,positivo,44,7,1,61
2905,2026-09-24 15:45:16,politica,positivo,44,7,3,67
652,2026-09-24 15:45:32,tecnologia,neutral,43,7,4,69
2015,2026-09-24 15:45:46,deportes,neutral,39,5,2,55
307,2026-09-24 15:46:01,tecnologia,neutral,40,7,3,63
1176,2026-09-24 15:46:01,entretenimiento,negativo,26,3,3,41
2142,2026-09-24 15:46:39,entretenimiento,negativo,40,6,4,64
264,2026-09-24 15:46:57,entretenimiento,positivo,37,10,1,60
782,2026-09-24 15:47:07,deportes,positivo,31,8,6,65
1508,2026-09-24 15:47:12,salud,positivo,34,4,7,63
816,2026-09-24 15:48:06,politica,positivo,28,3,6,52
2594,2026-09-24 15:48:07,entretenimiento,negativo,34,6,4,58
28,2026-09-24 15:48:13,entretenimiento,positivo,31,8,4,59
2557,2026-09-24 15:48:54,politica,neutral,34,12,3,67
2680,2026-09-24 15:49:00,politica,positivo,47,6,8,83
189,2026-09-24 15:49:22,deportes,positivo,37,8,2,59
2514,2026-09-24 15:49:29,tecnologia,neutral,35,11,6,75
296,2026-09-24 15:49:41,entretenimiento,neutral,39,3,1,48
863,2026-09-24 15:50:33,politica,neutral,26,6,4,50
2442,2026-09-24 15:51:27,tecnologia,positivo,28,6,6,58
164,2026-09-24 15:52:24,salud,positivo,34,5,5,59
1606,2026-09-24 15:52:44,deportes,positivo,30,4,3,47
915,2026-09-24 15:52:49,entretenimiento,neutral,44,6,3,65
2993,2026-09-24 15:52:49,tecnologia,positivo,22,7,3,45
549,2026-09-24 15:53:13,tecnologia,neutral,39,4,5,62
633,2026-09-24 15:54:09,deportes,positivo,45,5,7,76
2805,2026-09-24 15:54:14,politica,neutral,28,3,2,40
571,2026-09-24 15:54:32,entretenimiento,negativo,37,7,4,63
1317,2026-09-24 15:54:42,tecnologia,positivo,30,7,3,53
1657,2026-09-24 15:55:04,politica,neutral,31,9,4,61
1974,2026-09-24 15:55:56,tecnologia,neutral,45,6,5,72
2257,2026-09-24 15:56:17,tecnologia,neutral,46,5,3,65
1790,2026-09-24 15:56:22,tecnologia,neutral,35,8,0,51
1826,2026-09-24 15:56:46,entretenimiento,positivo,38,5,6,66
2199,2026-09-24 15:56:59,deportes,neutral,37,8,3,62
2767,2026-09-24 15:57:17,entretenimiento,neutral,31,2,5,50
553,2026-09-24 15:58:05,entretenimiento,negativo,26,10,2,52
97,2026-09-24 15:58:30,politica,positivo,33,8,4,61
426,2026-09-24 15:59:12,deportes,positivo,21,7,6,53
2775,2026-09-24 15:59:40,deportes,neutral,34,7,3,57
1304,2026-09-24 15:59:42,tecnologia,positivo,34,6,2,52
957,2026-09-24 15:59:47,entretenimiento,neutral,27,2,2,37
2246,2026-09-24 15:59:50,deportes,positivo,39,12,6,81
969,2026-09-24 16:00:10,entretenimiento,positivo,41,14,4,81
94,2026-09-24 16:00:21,politica,negativo,37,9,9,82
696,2026-09-24 16:01:16,salud,positivo,35,10,5,70
2747,2026-09-24 16:02:22,tecnologia,positivo,35,8,5,66
1471,2026-09-24 16:02:45,entretenimiento,positivo,35,6,3,56
1571,2026-09-24 16:02:50,tecnologia,positivo,28,6,3,49
170,2026-09-24 16:02:55,tecnologia,negativo,34,3,4,52
1283,2026-09-24 16:03:29,politica,neutral,24,5,6,52
1877,2026-09-24 16:04:04,salud,positivo,39,8,4,67
1360,2026-09-24 16:04:09,politica,neutral,32,4,6,58
285,2026-09-24 16:04:15,politica,neutral,27,7,3,50
792,2026-09-24 16:04:47,entretenimiento,positivo,25,7,2,45
1927,2026-09-24 16:04:57,salud,neutral,38,13,6,82
222,2026-09-24 16:05:30,deportes,positivo,37,7,2,57
497,2026-09-24 16:05:38,deportes,positivo,30,3,3,45
2291,2026-09-24 16:06:16,politica,positivo,43,2,2,53
2256,2026-09-24 16:06:20,entretenimiento,neutral,34,10,4,66
1093,2026-09-24 16:06:26,politica,negativo,33,13,5,74
1495,2026-09-24 16:06:46,salud,negativo,33,7,2,53
2323,2026-09-24 16:07:21,tecnologia,neutral,44,6,1,59
1115,2026-09-24 16:08:44,deportes,positivo,33,8,7,70
839,2026-09-24 16:08:51,entretenimiento,positivo,29,11,4,63
1934,2026-09-24 16:09:13,entretenimiento,neutral,32,7,3,55
766,2026-09-24 16:09:32,politica,neutral,37,6,3,58
1953,2026-09-24 16:09:47,deportes,neutral,39,2,2,49
9,2026-09-24 16:09:54,tecnologia,positivo,33,9,3,60
2228,2026-09-24 16:10:21,entretenimiento,neutral,41,5,3,60
259,2026-09-24 16:10:48,entretenimiento,negativo,34,9,3,61
1380,2026-09-24 16:11:00,politica,positivo,42,10,3,71
2035,2026-09-24 16:11:20,politica,positivo,24,6,4,48
687,2026-09-24 16:11:29,deportes,neutral,38,5,7,69
566,2026-09-24 16:11:58,tecnologia,positivo,22,1,7,45
1557,2026-09-24 16:12:11,politica,negativo,25,4,5,48
1140,2026-09-24 16:13:00,tecnologia,neutral,39,9,4,69
1543,2026-09-24 16:13:19,deportes,positivo,29,7,7,64
850,2026-09-24 16:13:24,deportes,negativo,34,8,5,65
994,2026-09-24 16:13:44,entretenimiento,neutral,36,3,3,51
1623,2026-09-24 16:13:54,tecnologia,neutral,28,5,3,47
1579,2026-09-24 16:14:35,entretenimiento,neutral,38,2,3,51
31,2026-09-24 16:14:47,tecnologia,neutral,41,3,4,59
2665,2026-09-24 16:15:01,politica,neutral,37,6,3,58
2431,2026-09-24 16:15:03,deportes,neutral,36,5,4,58
1293,2026-09-24 16:15:22,salud,neutral,30,3,4,48
911,2026-09-24 16:15:24,salud,positivo,39,7,5,68
803,2026-09-24 16:15:39,politica,neutral,33,9,7,72
1931,2026-09-24 16:16:55,tecnologia,negativo,37,11,5,74
1619,2026-09-24 16:17:09,entretenimiento,neutral,38,5,6,66
205,2026-09-24 16:17:50,tecnologia,neutral,38,9,5,71
1661,2026-09-24 16:18:26,politica,neutral,37,10,5,72
712,2026-09-24 16:18:34,deportes,neutral,39,10,2,65
2333,2026-09-24 16:18:44,tecnologia,neutral,43,6,7,76
464,2026-09-24 16:18:46,salud,neutral,34,5,4,56
1583,2026-09-24 16:19:08,tecnologia,neutral,39,6,6,69
233,2026-09-24 16:19:47,entretenimiento,neutral,44,6,5,71
2265,2026-09-24 16:20:11,salud,negativo,26,7,5,55
663,2026-09-24 16:20:30,deportes,negativo,25,6,5,52
2464,2026-09-24 16:20:31,tecnologia,negativo,36,6,6,66
1269,2026-09-24 16:20:51,entretenimiento,neutral,35,3,0,41
1509,2026-09-24 16:21:12,entretenimiento,neutral,34,7,2,54
977,2026-09-24 16:21:29,deportes,positivo,41,9,1,62
904,2026-09-24 16:22:12,politica,neutral,41,6,2,59
1032,2026-09-24 16:22:30,deportes,neutral,41,6,5,68
1689,2026-09-24 16:22:37,salud,negativo,42,3,3,57
2585,2026-09-24 16:22:46,tecnologia,neutral,37,7,2,57
1932,2026-09-24 16:23:04,politica,negativo,45,1,5,62
1933,2026-09-24 16:23:17,tecnologia,negativo,32,3,2,44
1507,2026-09-24 16:23:31,tecnologia,neutral,40,3,5,61
2365,2026-09-24 16:24:04,politica,neutral,27,5,2,43
1454,2026-09-24 16:24:09,deportes,neutral,38,4,3,55
1965,2026-09-24 16:24:18,politica,positivo,27,6,3,48
1352,2026-09-24 16:24:52,entretenimiento,negativo,39,10,4,71
1144,2026-09-24 16:24:56,entretenimiento,neutral,37,8,4,65
2267,2026-09-24 16:25:39,politica,positivo,34,3,3,49
2302,2026-09-24 16:25:52,deportes,neutral,30,5,6,58
2349,2026-09-24 16:26:04,tecnologia,positivo,40,2,2,50
2406,2026-09-24 16:26:17,deportes,positivo,35,7,2,55
2938,2026-09-24 16:26:23,salud,neutral,40,6,3,61
2388,2026-09-24 16:26:30,entretenimiento,positivo,36,8,3,61
2578,2026-09-24 16:27:14,entretenimiento,neutral,46,5,6,74
2453,2026-09-24 16:27:17,entretenimiento,positivo,38,5,2,54
2942,2026-09-24 16:28:30,tecnologia,positivo,31,7,3,54
798,2026-09-24 16:29:05,entretenimiento,positivo,35,4,4,55
1552,2026-09-24 16:29:34,entretenimiento,negativo,27,6,3,48
686,2026-09-24 16:30:37,deportes,negativo,25,10,2,51
2793,2026-09-24 16:30:55,tecnologia,positivo,39,10,3,68
2489,2026-09-24 16:31:09,deportes,positivo,40,5,2,56
1833,2026-09-24 16:31:13,deportes,negativo,36,5,1,49
1918,2026-09-24 16:32:01,entretenimiento,neutral,32,7,3,55
940,2026-09-24 16:32:10,deportes,neutral,43,9,5,76
698,2026-09-24 16:32:17,politica,neutral,32,8,2,54
2022,2026-09-24 16:33:34,entretenimiento,neutral,40,7,2,60
653,2026-09-24 16:33:35,deportes,negativo,25,7,4,51
1993,2026-09-24 16:33:59,tecnologia,positivo,32,3,6,56
2097,2026-09-24 16:34:36,politica,neutral,33,5,3,52
1532,2026-09-24 16:34:51,entretenimiento,positivo,36,10,4,68
542,2026-09-24 16:35:06,tecnologia,positivo,34,6,7,67
521,2026-09-24 16:36:03,salud,neutral,39,8,2,61
2931,2026-09-24 16:36:52,deportes,neutral,42,7,5,71
787,2026-09-24 16:36:57,tecnologia,positivo,36,7,6,68
2497,2026-09-24 16:37:06,tecnologia,neutral,30,4,2,44
2503,2026-09-24 16:37:59,entretenimiento,neutral,33,9,8,75
980,2026-09-24 16:38:05,tecnologia,positivo,26,7,9,67
360,2026-09-24 16:38:28,tecnologia,neutral,24,4,5,47
2849,2026-09-24 16:39:12,deportes,neutral,27,8,3,52
2194,2026-09-24 16:39:12,entretenimiento,negativo,31,5,7,62
866,2026-09-24 16:39:47,entretenimiento,neutral,38,10,8,82
2368,2026-09-24 16:40:25,politica,positivo,37,4,5,60
962,2026-09-24 16:40:30,entretenimiento,neutral,24,3,6,48
1018,2026-09-24 16:40:40,entretenimiento,positivo,29,4,4,49
55,2026-09-24 16:40:51,tecnologia,negativo,38,7,5,67
358,2026-09-24 16:41:12,tecnologia,positivo,39,5,2,55
2276,2026-09-24 16:42:05,tecnologia,neutral,28,5,5,53
2262,2026-09-24 16:42:40,entretenimiento,negativo,36,4,2,50
4,2026-09-24 16:42:46,entretenimiento,positivo,32,6,9,71
2866,2026-09-24 16:43:15,politica,neutral,47,9,6,83
2133,2026-09-24 16:44:34,tecnologia,positivo,31,6,3,52
1116,2026-09-24 16:44:46,deportes,neutral,34,6,6,64
452,2026-09-24 16:44:47,politica,positivo,34,8,5,65
859,2026-09-24 16:45:07,entretenimiento,positivo,46,5,2,62
647,2026-09-24 16:45:25,salud,negativo,32,2,6,54
1192,2026-09-24 16:46:26,deportes,positivo,39,4,3,56
1409,2026-09-24 16:46:39,deportes,neutral,34,8,4,62
725,2026-09-24 16:47:30,entretenimiento,negativo,36,7,5,65
2968,2026-09-24 16:47:31,deportes,neutral,38,4,2,52
2042,2026-09-24 16:48:22,deportes,neutral,27,3,5,48
256,2026-09-24 16:48:32,politica,neutral,27,7,1,44
147,2026-09-24 16:48:35,tecnologia,negativo,34,6,2,52
2845,2026-09-24 16:48:37,politica,positivo,44,4,4,64
290,2026-09-24 16:50:35,entretenimiento,positivo,43,5,4,65
660,2026-09-24 16:50:46,deportes,neutral,28,9,3,55
2249,2026-09-24 16:50:56,deportes,positivo,36,6,2,54
950,2026-09-24 16:52:00,politica,neutral,27,11,3,58
1832,2026-09-24 16:52:01,tecnologia,neutral,27,6,5,54
29,2026-09-24 16:52:20,entretenimiento,neutral,35,12,1,62
2243,2026-09-24 16:52:38,entretenimiento,positivo,31,10,3,60
1880,2026-09-24 16:52:39,politica,positivo,36,3,6,60
485,2026-09-24 16:52:44,salud,positivo,32,4,3,49
414,2026-09-24 16:53:18,entretenimiento,neutral,21,3,5,42
2236,2026-09-24 16:54:12,deportes,negativo,37,5,4,59
2386,2026-09-24 16:54:16,politica,neutral,40,0,3,49
2796,2026-09-24 16:54:37,politica,neutral,35,5,2,51
1260,2026-09-24 16:54:49,entretenimiento,positivo,33,6,4,57
554,2026-09-24 16:55:06,tecnologia,neutral,44,4,3,61
817,2026-09-24 16:55:31,entretenimiento,positivo,42,2,1,49
804,2026-09-24 16:56:54,deportes,neutral,40,11,1,65
2815,2026-09-24 16:57:26,salud,neutral,49,8,2,71
1596,2026-09-24 16:57:33,salud,neutral,42,4,3,59
2879,2026-09-24 16:57:34,salud,neutral,28,10,4,60
1966,2026-09-24 16:57:59,tecnologia,neutral,36,12,3,69
951,2026-09-24 16:58:11,tecnologia,neutral,39,8,4,67
2455,2026-09-24 16:58:16,politica,neutral,31,5,1,44
2692,2026-09-24 16:59:13,tecnologia,positivo,28,8,6,62
2864,2026-09-24 16:59:53,entretenimiento,positivo,33,5,3,52
2032,2026-09-24 16:59:58,entretenimiento,neutral,45,6,2,63
1155,2026-09-24 17:00:12,tecnologia,positivo,29,7,3,52
585,2026-09-24 17:00:43,deportes,neutral,36,7,4,62
613,2026-09-24 17:00:53,entretenimiento,negativo,49,2,3,62
328,2026-09-24 17:01:00,deportes,positivo,31,6,2,49
278,2026-09-24 17:01:02,entretenimiento,positivo,37,7,2,57
1787,2026-09-24 17:01:03,deportes,positivo,42,5,5,67
2601,2026-09-24 17:01:24,salud,positivo,37,6,4,61
362,2026-09-24 17:01:26,deportes,negativo,21,4,5,44
2851,2026-09-24 17:01:50,entretenimiento,positivo,32,9,4,62
2580,2026-09-24 17:02:06,tecnologia,neutral,36,7,3,59
1569,2026-09-24 17:02:15,tecnologia,neutral,43,4,9,78
21,2026-09-24 17:02:19,politica,neutral,35,5,3,54
1173,2026-09-24 17:02:22,politica,neutral,43,8,2,65
2832,2026-09-24 17:02:23,politica,positivo,32,5,3,51
415,2026-09-24 17:02:26,politica,positivo,25,6,4,49
201,2026-09-24 17:02:30,deportes,neutral,29,6,1,44
1385,2026-09-24 17:03:11,politica,neutral,31,3,8,61
511,2026-09-24 17:03:13,tecnologia,negativo,26,5,5,51
2399,2026-09-24 17:04:24,tecnologia,positivo,40,6,3,61
1250,2026-09-24 17:04:32,salud,negativo,37,4,5,60
2644,2026-09-24 17:04:55,tecnologia,negativo,40,6,4,64
2823,2026-09-24 17:05:24,tecnologia,neutral,31,3,4,49
1226,2026-09-24 17:05:41,salud,neutral,30,5,5,55
2346,2026-09-24 17:06:44,salud,neutral,43,7,6,75
433,2026-09-24 17:07:28,deportes,neutral,31,5,4,53
1784,2026-09-24 17:07:40,politica,positivo,43,3,1,52
1807,2026-09-24 17:07:50,entretenimiento,negativo,31,5,4,53
913,2026-09-24 17:08:13,tecnologia,positivo,23,4,7,52
733,2026-09-24 17:08:27,politica,neutral,27,9,3,54
261,2026-09-24 17:09:27,entretenimiento,positivo,23,1,8,49
1850,2026-09-24 17:09:39,deportes,neutral,39,7,1,56
383,2026-09-24 17:09:56,tecnologia,positivo,50,7,4,76
1785,2026-09-24 17:10:17,politica,positivo,39,3,2,51
952,2026-09-24 17:10:36,tecnologia,neutral,36,5,4,58
186,2026-09-24 17:10:43,politica,neutral,40,10,4,72
545,2026-09-24 17:10:43,tecnologia,neutral,36,10,5,71
2118,2026-09-24 17:10:52,deportes,neutral,39,9,5,72
2631,2026-09-24 17:11:21,deportes,neutral,34,2,3,47
753,2026-09-24 17:11:48,tecnologia,negativo,36,3,1,45
1429,2026-09-24 17:12:11,tecnologia,neutral,33,9,5,66
2813,2026-09-24 17:12:11,deportes,negativo,30,5,5,55
2161,2026-09-24 17:12:21,entretenimiento,positivo,32,5,2,48
2351,2026-09-24 17:12:26,deportes,neutral,44,8,3,69
1567,2026-09-24 17:12:50,salud,neutral,34,7,8,72
2671,2026-09-24 17:12:50,deportes,negativo,32,9,9,77
929,2026-09-24 17:13:02,entretenimiento,positivo,40,3,6,64
2752,2026-09-24 17:13:07,deportes,positivo,27,6,6,57
1709,2026-09-24 17:13:29,deportes,positivo,44,8,5,75
1811,2026-09-24 17:13:49,politica,neutral,25,12,7,70
1819,2026-09-24 17:14:00,tecnologia,neutral,28,5,2,44
1405,2026-09-24 17:14:29,deportes,positivo,26,10,3,55
1883,2026-09-24 17:14:46,entretenimiento,neutral,28,4,2,42
2371,2026-09-24 17:14:50,salud,negativo,33,12,2,63
1281,2026-09-24 17:14:56,salud,positivo,36,9,1,57
1443,2026-09-24 17:14:56,entretenimiento,neutral,27,5,4,49
780,2026-09-24 17:15:00,tecnologia,neutral,31,7,2,51
943,2026-09-24 17:15:03,deportes,positivo,37,6,3,58
2515,2026-09-24 17:15:03,deportes,negativo,38,9,6,74
1125,2026-09-24 17:15:10,entretenimiento,negativo,37,9,3,64
304,2026-09-24 17:15:24,entretenimiento,positivo,25,6,4,49
2266,2026-09-24 17:15:29,tecnologia,positivo,31,5,5,56
2059,2026-09-24 17:15:35,deportes,positivo,37,10,4,69
213,2026-09-24 17:15:43,politica,neutral,29,6,6,59
878,2026-09-24 17:15:51,entretenimiento,positivo,33,6,4,57
2400,2026-09-24 17:15:53,entretenimiento,positivo,33,6,4,57
1006,2026-09-24 17:16:11,entretenimiento,neutral,26,9,3,53
1644,2026-09-24 17:16:12,entretenimiento,negativo,29,5,5,54
1363,2026-09-24 17:16:14,entretenimiento,negativo,29,4,2,43
1710,2026-09-24 17:16:17,politica,positivo,29,7,3,52
1633,2026-09-24 17:16:18,salud,positivo,34,6,3,55
2544,2026-09-24 17:16:38,deportes,neutral,31,4,4,51
2586,2026-09-24 17:16:59,entretenimiento,neutral,42,6,4,66
157,2026-09-24 17:17:10,entretenimiento,positivo,30,0,4,42
2763,2026-09-24 17:17:11,tecnologia,neutral,38,5,3,57
194,2026-09-24 17:17:44,tecnologia,positivo,30,4,3,47
1923,2026-09-24 17:18:39,entretenimiento,positivo,36,6,7,69
1194,2026-09-24 17:18:41,tecnologia,positivo,34,8,7,71
2375,2026-09-24 17:18:41,salud,positivo,33,5,2,49
2056,2026-09-24 17:18:53,deportes,neutral,28,9,4,58
2098,2026-09-24 17:18:55,politica,negativo,37,6,3,58
221,2026-09-24 17:19:44,deportes,neutral,42,6,3,63
1462,2026-09-24 17:20:31,entretenimiento,neutral,34,2,4,50
1618,2026-09-24 17:20:35,deportes,neutral,29,4,2,43
2308,2026-09-24 17:21:41,politica,positivo,32,2,3,45
1364,2026-09-24 17:22:05,salud,negativo,39,6,2,57
1683,2026-09-24 17:22:17,deportes,positivo,36,7,1,53
462,2026-09-24 17:22:17,entretenimiento,neutral,42,7,3,65
1732,2026-09-24 17:22:36,deportes,positivo,39,9,9,84
2162,2026-09-24 17:23:12,politica,neutral,33,6,4,57
1612,2026-09-24 17:24:07,tecnologia,positivo,28,9,3,55
2253,2026-09-24 17:24:24,deportes,negativo,39,6,8,75
2167,2026-09-24 17:24:26,deportes,neutral,27,8,6,61
1171,2026-09-24 17:24:50,politica,neutral,33,5,6,61
1336,2026-09-24 17:24:54,deportes,positivo,39,2,7,64
2193,2026-09-24 17:25:03,entretenimiento,positivo,34,5,8,68
2463,2026-09-24 17:25:14,deportes,negativo,32,5,3,51
230,2026-09-24 17:26:13,tecnologia,neutral,51,10,4,83
2235,2026-09-24 17:26:22,deportes,negativo,46,7,3,69
1440,2026-09-24 17:26:27,deportes,neutral,35,4,5,58
659,2026-09-24 17:26:49,deportes,negativo,34,8,3,59
1862,2026-09-24 17:27:10,tecnologia,negativo,33,6,2,51
2465,2026-09-24 17:27:25,entretenimiento,neutral,38,6,3,59
2668,2026-09-24 17:27:57,deportes,neutral,37,8,2,59
419,2026-09-24 17:28:07,politica,positivo,33,5,4,55
1996,2026-09-24 17:28:28,politica,neutral,40,4,6,66
1959,2026-09-24 17:28:31,deportes,negativo,35,9,3,62
1399,2026-09-24 17:28:36,entretenimiento,negativo,37,6,5,64
2030,2026-09-24 17:28:54,entretenimiento,neutral,35,5,2,51
1929,2026-09-24 17:29:20,deportes,neutral,36,6,3,57
1616,2026-09-24 17:29:24,politica,negativo,42,2,2,52
2020,2026-09-24 17:29:38,deportes,positivo,33,6,1,48
175,2026-09-24 17:30:18,salud,positivo,38,6,3,59
88,2026-09-24 17:30:26,politica,positivo,38,8,4,66
484,2026-09-24 17:30:47,deportes,positivo,34,4,2,48
1087,2026-09-24 17:30:53,entretenimiento,neutral,32,1,4,46
1246,2026-09-24 17:31:14,deportes,negativo,30,4,3,47
1836,2026-09-24 17:31:18,deportes,positivo,42,5,4,64
1957,2026-09-24 17:31:27,entretenimiento,negativo,31,6,3,52
574,2026-09-24 17:31:32,entretenimiento,neutral,44,6,7,77
2894,2026-09-24 17:31:34,deportes,neutral,27,8,7,64
2178,2026-09-24 17:31:41,entretenimiento,neutral,31,4,3,48
2185,2026-09-24 17:31:52,entretenimiento,negativo,29,8,3,54
162,2026-09-24 17:32:00,tecnologia,neutral,40,7,6,72
592,2026-09-24 17:32:05,salud,neutral,42,4,3,59
1497,2026-09-24 17:32:33,entretenimiento,positivo,38,4,4,58
1235,2026-09-24 17:32:48,politica,positivo,39,10,5,74
2126,2026-09-24 17:32:52,tecnologia,negativo,37,3,2,49
239,2026-09-24 17:33:13,entretenimiento,positivo,32,3,7,59
1434,2026-09-24 17:33:24,tecnologia,neutral,35,5,4,57
2932,2026-09-24 17:33:44,entretenimiento,neutral,29,5,5,54
1060,2026-09-24 17:34:03,deportes,neutral,30,3,2,42
2088,2026-09-24 17:35:05,tecnologia,neutral,35,7,4,61
347,2026-09-24 17:35:44,deportes,neutral,28,7,8,66
2458,2026-09-24 17:36:00,entretenimiento,positivo,30,5,0,40
2190,2026-09-24 17:36:03,tecnologia,positivo,29,2,2,39
2660,2026-09-24 17:36:21,tecnologia,neutral,41,2,6,63
1788,2026-09-24 17:36:52,politica,positivo,28,6,2,46
2279,2026-09-24 17:37:16,politica,positivo,41,5,5,66
2798,2026-09-24 17:37:24,entretenimiento,neutral,30,7,4,56
102,2026-09-24 17:37:57,politica,positivo,37,9,4,67
1825,2026-09-24 17:38:06,salud,negativo,35,11,3,66
2750,2026-09-24 17:38:14,deportes,negativo,34,4,2,48
323,2026-09-24 17:38:50,tecnologia,positivo,30,11,4,64
2916,2026-09-24 17:38:50,entretenimiento,neutral,29,6,5,56
1730,2026-09-24 17:39:05,tecnologia,neutral,32,10,5,67
2636,2026-09-24 17:39:54,deportes,positivo,29,4,4,49
560,2026-09-24 17:39:55,deportes,positivo,39,5,2,55
46,2026-09-24 17:40:38,deportes,negativo,28,5,0,38
1299,2026-09-24 17:41:59,tecnologia,neutral,42,4,3,59
1044,2026-09-24 17:42:15,deportes,positivo,31,7,3,54
1219,2026-09-24 17:42:33,tecnologia,negativo,23,7,10,67
873,2026-09-24 17:42:46,deportes,neutral,41,5,7,72
757,2026-09-24 17:43:04,deportes,negativo,37,8,4,65
544,2026-09-24 17:43:41,entretenimiento,neutral,28,6,3,49
1823,2026-09-24 17:43:49,entretenimiento,neutral,38,3,5,59
1844,2026-09-24 17:43:56,entretenimiento,positivo,43,8,6,77
1460,2026-09-24 17:44:18,salud,positivo,43,10,10,93
1897,2026-09-24 17:44:25,politica,positivo,34,2,3,47
895,2026-09-24 17:44:38,politica,neutral,28,6,3,49
842,2026-09-24 17:44:50,politica,neutral,27,6,5,54
481,2026-09-24 17:45:15,politica,positivo,37,3,6,61
1464,2026-09-24 17:45:49,deportes,negativo,37,5,1,50
625,2026-09-24 17:46:03,tecnologia,neutral,29,5,3,48
597,2026-09-24 17:46:14,deportes,negativo,38,8,4,66
208,2026-09-24 17:46:24,entretenimiento,positivo,29,7,5,58
1476,2026-09-24 17:47:01,deportes,neutral,38,8,3,63
684,2026-09-24 17:47:55,deportes,neutral,38,6,4,62
350,2026-09-24 17:47:56,politica,neutral,41,9,2,65
548,2026-09-24 17:48:10,entretenimiento,positivo,38,7,1,55
1707,2026-09-24 17:48:11,entretenimiento,positivo,33,2,6,55
346,2026-09-24 17:48:15,entretenimiento,positivo,32,8,6,66
2812,2026-09-24 17:48:38,deportes,positivo,36,6,3,57
2127,2026-09-24 17:48:44,deportes,negativo,29,6,5,56
1046,2026-09-24 17:48:44,politica,neutral,50,8,8,90
1550,2026-09-24 17:48:47,deportes,positivo,37,6,2,55
1092,2026-09-24 17:49:13,deportes,positivo,37,6,2,55
794,2026-09-24 17:49:21,politica,negativo,38,9,11,89
115,2026-09-24 17:49:25,deportes,neutral,43,4,4,63
1183,2026-09-24 17:49:33,deportes,negativo,30,5,1,43
887,2026-09-24 17:49:38,tecnologia,negativo,28,6,3,49
492,2026-09-24 17:49:54,entretenimiento,positivo,35,2,2,45
219,2026-09-24 17:50:10,deportes,neutral,35,3,3,50
2115,2026-09-24 17:50:34,entretenimiento,positivo,30,6,5,57
353,2026-09-24 17:50:58,tecnologia,positivo,51,7,7,86
1148,2026-09-24 17:51:13,politica,positivo,35,6,3,56
1316,2026-09-24 17:51:21,deportes,negativo,26,4,3,43
2576,2026-09-24 17:51:48,deportes,neutral,31,3,8,61
356,2026-09-24 17:51:50,politica,neutral,30,5,2,46
2329,2026-09-24 17:51:55,tecnologia,positivo,44,4,1,55
2717,2026-09-24 17:52:21,entretenimiento,positivo,43,7,3,66
2353,2026-09-24 17:53:08,tecnologia,negativo,33,5,4,55
1175,2026-09-24 17:54:11,deportes,positivo,43,7,6,75
82,2026-09-24 17:54:35,entretenimiento,negativo,38,8,5,69
2745,2026-09-24 17:54:40,tecnologia,positivo,34,2,3,47
882,2026-09-24 17:54:46,entretenimiento,positivo,29,4,3,46
1496,2026-09-24 17:54:48,deportes,neutral,41,4,4,61
840,2026-09-24 17:54:53,entretenimiento,negativo,36,10,4,68
1329,2026-09-24 17:55:53,politica,negativo,36,9,6,72
971,2026-09-24 17:56:13,entretenimiento,positivo,41,3,6,65
750,2026-09-24 17:57:06,politica,positivo,34,6,1,49
299,2026-09-24 17:57:36,deportes,positivo,42,6,5,69
1517,2026-09-24 17:57:50,deportes,neutral,43,4,3,60
163,2026-09-24 17:58:11,entretenimiento,positivo,39,7,2,59
2541,2026-09-24 17:58:30,tecnologia,positivo,38,3,1,47
1452,2026-09-24 17:59:21,deportes,neutral,38,8,3,63
1578,2026-09-24 17:59:35,tecnologia,negativo,36,8,3,61
2274,2026-09-24 17:59:44,entretenimiento,negativo,40,7,3,63
1458,2026-09-24 18:00:21,deportes,neutral,35,5,4,57
967,2026-09-24 18:00:30,tecnologia,negativo,35,9,7,74
2048,2026-09-24 18:00:42,tecnologia,positivo,35,4,5,58
1338,2026-09-24 18:01:26,politica,positivo,30,8,3,55
1294,2026-09-24 18:02:16,salud,neutral,31,9,3,58
2138,2026-09-24 18:02:16,politica,positivo,42,13,1,71
2390,2026-09-24 18:02:23,politica,positivo,24,8,2,46
1318,2026-09-24 18:02:31,tecnologia,neutral,33,4,3,50
1143,2026-09-24 18:02:35,deportes,positivo,36,3,3,51
654,2026-09-24 18:02:35,tecnologia,negativo,38,8,2,60
1595,2026-09-24 18:02:50,tecnologia,neutral,23,4,6,49
2922,2026-09-24 18:02:51,deportes,neutral,33,5,4,55
2640,2026-09-24 18:04:04,deportes,neutral,42,7,6,74
2171,2026-09-24 18:04:22,deportes,positivo,37,13,5,78
1792,2026-09-24 18:04:44,politica,neutral,32,3,4,50
2135,2026-09-24 18:04:58,politica,neutral,42,3,5,63
1400,2026-09-24 18:05:10,tecnologia,negativo,35,7,2,55
720,2026-09-24 18:05:50,deportes,positivo,33,6,4,57
266,2026-09-24 18:06:02,deportes,negativo,38,8,4,66
1718,2026-09-24 18:08:02,tecnologia,neutral,30,5,3,49
385,2026-09-24 18:08:04,tecnologia,neutral,40,6,3,61
1004,2026-09-24 18:08:49,deportes,neutral,43,9,4,73
2967,2026-09-24 18:09:21,entretenimiento,neutral,27,9,6,63
2892,2026-09-24 18:09:25,politica,neutral,34,5,6,62
806,2026-09-24 18:09:30,politica,neutral,39,9,4,69
2370,2026-09-24 18:09:39,deportes,neutral,31,6,4,55
2535,2026-09-24 18:09:47,politica,neutral,51,6,3,72
2944,2026-09-24 18:10:10,deportes,neutral,33,8,2,55
305,2026-09-24 18:10:44,entretenimiento,negativo,36,6,6,66
1345,2026-09-24 18:11:09,entretenimiento,neutral,35,10,4,67
561,2026-09-24 18:11:10,tecnologia,positivo,41,7,1,58
177,2026-09-24 18:11:29,entretenimiento,negativo,37,10,6,75
2221,2026-09-24 18:11:59,deportes,negativo,30,4,5,53
2983,2026-09-24 18:12:32,deportes,positivo,43,4,4,63
1450,2026-09-24 18:12:40,politica,positivo,32,6,4,56
2355,2026-09-24 18:12:49,entretenimiento,neutral,41,7,6,73
316,2026-09-24 18:13:22,deportes,neutral,27,14,4,67
1905,2026-09-24 18:13:37,deportes,positivo,24,8,2,46
3,2026-09-24 18:13:59,entretenimiento,positivo,33,4,4,53
2347,2026-09-24 18:14:03,deportes,neutral,33,7,2,53
1472,2026-09-24 18:14:08,politica,positivo,36,16,2,74
1154,2026-09-24 18:14:30,deportes,neutral,31,4,1,42
501,2026-09-24 18:14:58,deportes,neutral,34,4,7,63
1889,2026-09-24 18:15:07,tecnologia,neutral,31,7,3,54
2268,2026-09-24 18:15:12,entretenimiento,neutral,33,2,3,46
1007,2026-09-24 18:15:35,politica,neutral,37,3,4,55
2231,2026-09-24 18:15:46,tecnologia,neutral,32,5,5,57
710,2026-09-24 18:15:56,tecnologia,positivo,39,5,5,64
1367,2026-09-24 18:16:23,salud,positivo,32,7,5,61
2770,2026-09-24 18:16:29,tecnologia,positivo,29,1,4,43
992,2026-09-24 18:16:30,politica,neutral,33,7,5,62
1541,2026-09-24 18:18:08,politica,positivo,35,6,1,50
482,2026-09-24 18:18:16,entretenimiento,negativo,31,6,4,55
801,2026-09-24 18:18:18,entretenimiento,positivo,34,3,6,58
2632,2026-09-24 18:19:18,entretenimiento,positivo,37,3,8,67
1797,2026-09-24 18:19:47,politica,neutral,42,7,6,74
171,2026-09-24 18:19:49,entretenimiento,positivo,49,8,5,80
1896,2026-09-24 18:20:04,entretenimiento,neutral,45,8,3,70
268,2026-09-24 18:20:11,deportes,positivo,28,8,6,62
1591,2026-09-24 18:20:20,deportes,neutral,22,6,4,46
1457,2026-09-24 18:20:32,entretenimiento,positivo,30,10,4,62
891,2026-09-24 18:20:57,salud,neutral,33,5,2,49
2989,2026-09-24 18:20:59,deportes,positivo,36,7,7,71
1404,2026-09-24 18:21:00,politica,positivo,34,11,3,65
877,2026-09-24 18:21:02,entretenimiento,negativo,27,3,7,54
1488,2026-09-24 18:21:08,deportes,negativo,31,9,3,58
1438,2026-09-24 18:21:10,entretenimiento,neutral,35,7,3,58
1307,2026-09-24 18:21:13,deportes,neutral,48,6,6,78
1207,2026-09-24 18:21:31,salud,neutral,30,10,7,71
2628,2026-09-24 18:22:06,tecnologia,positivo,32,7,3,55
779,2026-09-24 18:22:18,deportes,neutral,33,4,3,50
987,2026-09-24 18:22:46,salud,neutral,45,4,5,68
436,2026-09-24 18:22:57,tecnologia,neutral,40,7,4,66
2673,2026-09-24 18:22:58,entretenimiento,negativo,28,5,6,56
2974,2026-09-24 18:23:04,politica,neutral,36,4,6,62
1725,2026-09-24 18:23:07,politica,positivo,46,6,4,70
1300,2026-09-24 18:23:18,deportes,positivo,33,9,3,60
1777,2026-09-24 18:23:24,entretenimiento,neutral,27,9,7,66
1626,2026-09-24 18:23:44,politica,neutral,43,4,4,63
1038,2026-09-24 18:24:22,deportes,neutral,29,4,2,43
1587,2026-09-24 18:24:41,politica,negativo,32,8,2,54
2104,2026-09-24 18:24:58,entretenimiento,negativo,30,10,0,50
197,2026-09-24 18:25:16,deportes,neutral,32,10,5,67
1255,2026-09-24 18:26:13,tecnologia,neutral,31,6,3,52
2143,2026-09-24 18:26:14,entretenimiento,neutral,30,3,4,48
1944,2026-09-24 18:26:16,entretenimiento,neutral,39,4,4,59
1344,2026-09-24 18:26:41,politica,neutral,34,5,6,62
2614,2026-09-24 18:26:52,tecnologia,negativo,35,3,3,50
1447,2026-09-24 18:27:16,tecnologia,neutral,35,7,3,58
2791,2026-09-24 18:27:18,tecnologia,neutral,40,9,1,61
781,2026-09-24 18:28:04,politica,positivo,36,5,1,49
326,2026-09-24 18:28:08,entretenimiento,neutral,33,15,2,69
2474,2026-09-24 18:28:09,politica,positivo,42,5,9,79
1987,2026-09-24 18:29:11,entretenimiento,negativo,38,8,1,57
1131,2026-09-24 18:29:14,entretenimiento,negativo,35,3,2,47
2389,2026-09-24 18:29:46,entretenimiento,neutral,30,5,9,67
1135,2026-09-24 18:29:59,tecnologia,positivo,38,11,2,66
2953,2026-09-24 18:30:08,deportes,positivo,30,9,6,66
2314,2026-09-24 18:30:27,deportes,neutral,37,4,3,54
985,2026-09-24 18:30:51,entretenimiento,negativo,34,5,4,56
2957,2026-09-24 18:31:13,tecnologia,neutral,42,5,7,73
2562,2026-09-24 18:31:13,tecnologia,positivo,31,2,4,47
1954,2026-09-24 18:31:21,politica,negativo,33,10,3,62
1533,2026-09-24 18:31:35,entretenimiento,positivo,41,6,3,62
724,2026-09-24 18:31:44,tecnologia,neutral,38,6,5,65
2697,2026-09-24 18:32:18,tecnologia,negativo,38,4,4,58
2979,2026-09-24 18:32:31,entretenimiento,neutral,36,5,2,52
1282,2026-09-24 18:32:41,politica,positivo,40,9,6,76
2169,2026-09-24 18:32:46,politica,positivo,37,4,4,57
960,2026-09-24 18:33:03,entretenimiento,positivo,28,7,2,48
75,2026-09-24 18:33:08,deportes,positivo,42,3,3,57
1164,2026-09-24 18:33:24,deportes,negativo,24,9,4,54
1354,2026-09-24 18:34:04,politica,positivo,39,6,5,66
2917,2026-09-24 18:34:08,deportes,negativo,23,8,6,57
1512,2026-09-24 18:34:20,entretenimiento,positivo,43,6,4,67
1921,2026-09-24 18:34:37,deportes,negativo,32,5,8,66
505,2026-09-24 18:35:04,deportes,positivo,30,3,6,54
1650,2026-09-24 18:35:23,entretenimiento,positivo,48,6,3,69
267,2026-09-24 18:36:10,politica,positivo,39,9,3,66
1881,2026-09-24 18:36:16,salud,positivo,37,11,4,71
1870,2026-09-24 18:37:21,entretenimiento,negativo,46,8,5,77
39,2026-09-24 18:37:24,deportes,neutral,39,6,1,54
2405,2026-09-24 18:37:24,salud,neutral,36,3,4,54
1573,2026-09-24 18:37:28,entretenimiento,neutral,35,7,6,67
2046,2026-09-24 18:37:33,tecnologia,negativo,31,10,6,69
2935,2026-09-24 18:37:36,tecnologia,positivo,32,3,5,53
2913,2026-09-24 18:38:04,politica,negativo,34,7,2,54
2966,2026-09-24 18:38:38,politica,neutral,38,9,6,74
1794,2026-09-24 18:38:48,tecnologia,neutral,35,7,8,73
215,2026-09-24 18:39:03,tecnologia,neutral,31,5,2,47
212,2026-09-24 18:39:06,politica,negativo,30,6,2,48
1935,2026-09-24 18:39:10,salud,positivo,32,4,6,58
1990,2026-09-24 18:39:21,entretenimiento,positivo,38,6,3,59
2635,2026-09-24 18:39:47,deportes,positivo,38,4,3,55
1332,2026-09-24 18:39:58,entretenimiento,positivo,44,3,4,62
2322,2026-09-24 18:40:30,deportes,neutral,36,4,2,50
1860,2026-09-24 18:41:02,deportes,neutral,33,4,5,56
1218,2026-09-24 18:41:03,deportes,positivo,37,8,6,71
1066,2026-09-24 18:42:13,salud,positivo,33,10,3,62
279,2026-09-24 18:42:39,entretenimiento,neutral,33,3,6,57
2590,2026-09-24 18:43:07,salud,negativo,41,5,4,63
258,2026-09-24 18:43:16,entretenimiento,negativo,31,4,7,60
2664,2026-09-24 18:43:17,entretenimiento,positivo,38,11,8,84
510,2026-09-24 18:43:27,entretenimiento,neutral,39,3,4,57
92,2026-09-24 18:43:53,entretenimiento,positivo,34,8,8,74
236,2026-09-24 18:43:56,tecnologia,positivo,41,4,3,58
631,2026-09-24 18:44:00,politica,negativo,29,4,5,52
2521,2026-09-24 18:44:13,deportes,neutral,42,6,4,66
2334,2026-09-24 18:44:14,politica,negativo,26,6,4,50
1620,2026-09-24 18:44:31,politica,negativo,34,9,3,61
1187,2026-09-24 18:44:56,politica,positivo,42,5,1,55
2179,2026-09-24 18:44:59,deportes,neutral,31,4,7,60
374,2026-09-24 18:45:00,deportes,neutral,33,3,4,51
2588,2026-09-24 18:45:09,tecnologia,neutral,31,7,2,51
2956,2026-09-24 18:45:10,tecnologia,neutral,41,7,8,79
1271,2026-09-24 18:45:47,deportes,neutral,37,7,4,63
1078,2026-09-24 18:46:25,politica,positivo,34,6,5,61
439,2026-09-24 18:46:45,entretenimiento,neutral,31,6,4,55
1109,2026-09-24 18:46:49,politica,positivo,38,8,6,72
2215,2026-09-24 18:47:09,salud,neutral,33,7,7,68
1305,2026-09-24 18:47:29,deportes,neutral,32,2,3,45
2153,2026-09-24 18:47:33,politica,negativo,35,5,5,60
2531,2026-09-24 18:47:40,politica,neutral,40,4,3,57
2669,2026-09-24 18:48:01,tecnologia,positivo,20,4,3,37
1215,2026-09-24 18:48:30,salud,negativo,44,6,2,62
1590,2026-09-24 18:48:49,entretenimiento,neutral,32,8,6,66
799,2026-09-24 18:48:55,tecnologia,neutral,34,8,7,71
2827,2026-09-24 18:50:03,tecnologia,negativo,50,3,4,68
1916,2026-09-24 18:50:09,entretenimiento,negativo,38,4,4,58
1802,2026-09-24 18:50:12,salud,neutral,41,9,4,71
2537,2026-09-24 18:50:20,politica,negativo,29,10,7,70
2027,2026-09-24 18:50:52,entretenimiento,positivo,39,8,5,70
1190,2026-09-24 18:51:12,tecnologia,neutral,55,3,4,73
2810,2026-09-24 18:51:24,tecnologia,neutral,27,10,3,56
1036,2026-09-24 18:51:29,deportes,negativo,37,7,5,66
1365,2026-09-24 18:51:36,tecnologia,neutral,27,2,0,31
138,2026-09-24 18:52:30,tecnologia,positivo,26,7,2,46
76,2026-09-24 18:52:33,deportes,negativo,39,7,3,62
2952,2026-09-24 18:52:46,tecnologia,positivo,36,4,6,62
160,2026-09-24 18:53:55,entretenimiento,neutral,34,7,2,54
1767,2026-09-24 18:54:06,tecnologia,positivo,30,10,1,53
2277,2026-09-24 18:54:09,politica,negativo,41,9,2,65
10,2026-09-24 18:54:10,tecnologia,neutral,32,2,4,48
973,2026-09-24 18:54:21,salud,positivo,33,6,6,63
778,2026-09-24 18:54:22,deportes,neutral,31,4,3,48
2373,2026-09-24 18:54:27,deportes,negativo,32,8,4,60
1021,2026-09-24 18:54:49,politica,negativo,32,9,4,62
648,2026-09-24 18:54:53,tecnologia,positivo,37,6,5,64
382,2026-09-24 18:55:18,tecnologia,negativo,35,3,6,59
2411,2026-09-24 18:55:22,salud,neutral,29,7,7,64
1742,2026-09-24 18:55:34,tecnologia,neutral,27,6,5,54
1153,2026-09-24 18:55:57,salud,neutral,38,6,2,56
1875,2026-09-24 18:56:13,deportes,positivo,29,9,2,53
1538,2026-09-24 18:56:38,deportes,positivo,47,6,6,77
2759,2026-09-24 18:56:41,salud,positivo,36,8,1,55
2609,2026-09-24 18:56:54,tecnologia,positivo,39,6,6,69
87,2026-09-24 18:56:56,politica,positivo,35,12,2,65
338,2026-09-24 18:57:40,tecnologia,neutral,47,7,7,82
829,2026-09-24 18:57:55,deportes,neutral,35,8,4,63
2519,2026-09-24 18:58:23,deportes,neutral,41,5,1,54
322,2026-09-24 18:58:35,salud,positivo,38,5,5,63
610,2026-09-24 18:58:36,entretenimiento,neutral,36,3,3,51
764,2026-09-24 18:58:41,politica,neutral,33,3,1,42
2520,2026-09-24 18:59:18,deportes,positivo,26,4,5,49
1680,2026-09-24 18:59:21,salud,negativo,31,7,5,60
2205,2026-09-24 18:59:29,entretenimiento,neutral,24,8,2,46
1151,2026-09-24 18:59:42,entretenimiento,neutral,33,2,4,49
1015,2026-09-24 18:59:56,entretenimiento,negativo,21,3,2,33
2096,2026-09-24 19:00:07,entretenimiento,neutral,29,12,5,68
1995,2026-09-24 19:00:35,politica,positivo,39,6,2,57
2657,2026-09-24 19:00:57,deportes,positivo,31,9,4,61
1481,2026-09-24 19:01:11,politica,positivo,28,7,4,54
2784,2026-09-24 19:01:12,tecnologia,positivo,33,4,3,50
1245,2026-09-24 19:01:43,politica,positivo,32,5,6,60
1328,2026-09-24 19:01:44,deportes,neutral,21,5,2,37
2945,2026-09-24 19:01:55,politica,positivo,39,5,4,61
2189,2026-09-24 19:01:57,deportes,positivo,48,2,4,64
2091,2026-09-24 19:02:08,entretenimiento,positivo,39,5,5,64
422,2026-09-24 19:02:16,deportes,neutral,41,7,4,67
438,2026-09-24 19:02:20,tecnologia,positivo,41,3,3,56
2008,2026-09-24 19:02:27,tecnologia,negativo,41,5,4,63
95,2026-09-24 19:02:33,tecnologia,neutral,23,5,7,54
1477,2026-09-24 19:02:42,tecnologia,neutral,39,6,3,60
738,2026-09-24 19:02:45,politica,positivo,40,5,7,71
2141,2026-09-24 19:03:30,politica,positivo,32,6,5,59
572,2026-09-24 19:04:09,entretenimiento,positivo,30,6,5,57
2746,2026-09-24 19:04:31,salud,positivo,31,11,1,56
1982,2026-09-24 19:04:39,politica,positivo,45,4,3,62
451,2026-09-24 19:04:54,politica,positivo,43,9,3,70
1991,2026-09-24 19:05:31,deportes,positivo,25,7,8,63
1945,2026-09-24 19:05:35,entretenimiento,positivo,40,1,4,54
756,2026-09-24 19:05:38,tecnologia,negativo,45,5,0,55
1884,2026-09-24 19:05:40,salud,positivo,36,8,3,61
1295,2026-09-24 19:06:06,tecnologia,neutral,34,6,2,52
1756,2026-09-24 19:06:15,entretenimiento,positivo,29,8,2,51
2188,2026-09-24 19:06:20,salud,positivo,31,2,5,50
2381,2026-09-24 19:06:22,entretenimiento,positivo,48,10,4,80
628,2026-09-24 19:06:34,politica,neutral,42,6,2,60
108,2026-09-24 19:06:42,deportes,negativo,28,6,0,40
821,2026-09-24 19:06:45,politica,positivo,25,9,6,61
2591,2026-09-24 19:06:58,entretenimiento,neutral,22,8,4,50
2478,2026-09-24 19:06:59,salud,neutral,30,6,1,45
2301,2026-09-24 19:07:00,tecnologia,positivo,29,11,5,66
1936,2026-09-24 19:07:00,salud,negativo,28,6,4,52
2241,2026-09-24 19:07:01,tecnologia,negativo,44,5,2,60
2592,2026-09-24 19:07:23,politica,positivo,43,8,5,74
1124,2026-09-24 19:08:00,deportes,positivo,39,3,3,54
1852,2026-09-24 19:08:09,tecnologia,positivo,52,3,2,64
2807,2026-09-24 19:08:12,deportes,neutral,27,9,2,51
399,2026-09-24 19:08:18,politica,neutral,34,7,2,54
1510,2026-09-24 19:08:45,politica,negativo,35,5,6,63
504,2026-09-24 19:09:01,salud,negativo,32,5,3,51
1179,2026-09-24 19:09:24,deportes,neutral,34,6,3,55
1684,2026-09-24 19:10:05,entretenimiento,negativo,32,4,0,40
681,2026-09-24 19:10:07,tecnologia,positivo,44,9,5,77
386,2026-09-24 19:10:45,deportes,negativo,28,5,3,47
1470,2026-09-24 19:10:56,entretenimiento,positivo,49,2,2,59
390,2026-09-24 19:11:01,salud,negativo,42,5,7,73
2261,2026-09-24 19:11:12,politica,neutral,39,6,5,66
271,2026-09-24 19:11:19,entretenimiento,negativo,45,2,5,64
74,2026-09-24 19:11:20,salud,negativo,29,2,1,36
2960,2026-09-24 19:11:57,tecnologia,positivo,53,8,4,81
394,2026-09-24 19:12:00,politica,positivo,39,6,6,69
2699,2026-09-24 19:12:02,deportes,positivo,33,4,3,50
1108,2026-09-24 19:12:04,deportes,positivo,42,9,4,72
1925,2026-09-24 19:12:57,tecnologia,negativo,31,4,4,51
1960,2026-09-24 19:13:07,deportes,negativo,27,9,2,51
2801,2026-09-24 19:13:18,salud,neutral,28,6,2,46
463,2026-09-24 19:13:36,salud,neutral,39,7,5,68
158,2026-09-24 19:13:36,entretenimiento,neutral,28,6,5,55
293,2026-09-24 19:13:42,politica,neutral,37,6,2,55
448,2026-09-24 19:13:51,entretenimiento,positivo,46,2,4,62
2341,2026-09-24 19:14:21,tecnologia,negativo,34,7,5,63
1147,2026-09-24 19:14:46,politica,positivo,35,6,4,59
2868,2026-09-24 19:15:13,politica,neutral,44,11,4,78
1835,2026-09-24 19:15:15,politica,positivo,38,4,5,61
1314,2026-09-24 19:15:15,entretenimiento,neutral,36,5,7,67
1818,2026-09-24 19:15:31,entretenimiento,positivo,34,6,11,79
907,2026-09-24 19:15:44,deportes,neutral,31,7,6,63
218,2026-09-24 19:15:45,entretenimiento,neutral,34,5,5,59
1772,2026-09-24 19:16:09,tecnologia,positivo,32,4,7,61
2973,2026-09-24 19:16:12,deportes,positivo,35,5,3,54
775,2026-09-24 19:16:33,entretenimiento,positivo,38,4,7,67
432,2026-09-24 19:16:41,entretenimiento,neutral,36,7,2,56
1201,2026-09-24 19:16:56,entretenimiento,neutral,44,8,5,75
1251,2026-09-24 19:17:09,tecnologia,neutral,37,5,2,53
1829,2026-09-24 19:17:12,tecnologia,negativo,36,7,6,68
861,2026-09-24 19:17:32,tecnologia,positivo,40,4,7,69
2211,2026-09-24 19:17:57,politica,neutral,25,5,3,44
127,2026-09-24 19:18:02,politica,negativo,35,5,6,63
2749,2026-09-24 19:18:12,tecnologia,neutral,37,6,6,67
2525,2026-09-24 19:19:01,entretenimiento,negativo,28,4,1,39
1547,2026-09-24 19:19:11,politica,positivo,26,8,7,63
280,2026-09-24 19:19:22,politica,positivo,32,7,2,52
2542,2026-09-24 19:19:30,salud,positivo,34,7,4,60
2893,2026-09-24 19:20:07,salud,neutral,32,5,1,45
1565,2026-09-24 19:20:17,deportes,positivo,32,5,8,66
2146,2026-09-24 19:20:30,entretenimiento,neutral,35,8,2,57
689,2026-09-24 19:20:40,tecnologia,neutral,32,5,9,69
1938,2026-09-24 19:21:00,entretenimiento,negativo,25,2,4,41
1943,2026-09-24 19:21:46,deportes,positivo,41,7,1,58
1563,2026-09-24 19:21:47,entretenimiento,neutral,29,6,6,59
71,2026-09-24 19:22:28,entretenimiento,neutral,34,4,5,57
2902,2026-09-24 19:22:30,politica,neutral,28,4,4,48
1713,2026-09-24 19:22:34,deportes,neutral,37,8,3,62
2443,2026-09-24 19:22:36,entretenimiento,positivo,45,8,3,70
1861,2026-09-24 19:22:42,politica,neutral,37,7,2,57
2080,2026-09-24 19:22:47,politica,positivo,27,7,3,50
2638,2026-09-24 19:22:50,tecnologia,negativo,41,3,3,56
2937,2026-09-24 19:23:32,tecnologia,negativo,41,6,5,68
2711,2026-09-24 19:24:22,deportes,positivo,36,4,2,50
2596,2026-09-24 19:24:22,entretenimiento,positivo,28,6,4,52
1243,2026-09-24 19:24:33,deportes,negativo,36,5,2,52
1511,2026-09-24 19:24:45,tecnologia,positivo,41,7,4,67
2212,2026-09-24 19:24:50,salud,positivo,32,8,2,54
2839,2026-09-24 19:25:15,deportes,positivo,36,7,2,56
421,2026-09-24 19:25:32,politica,neutral,40,5,2,56
885,2026-09-24 19:25:34,deportes,positivo,34,5,3,53
760,2026-09-24 19:26:04,tecnologia,negativo,38,2,2,48
1408,2026-09-24 19:26:34,entretenimiento,negativo,36,8,3,61
2816,2026-09-24 19:26:45,tecnologia,neutral,38,8,4,66
389,2026-09-24 19:27:09,politica,neutral,47,8,7,84
1057,2026-09-24 19:27:10,tecnologia,positivo,30,6,4,54
2773,2026-09-24 19:27:14,politica,neutral,35,7,4,61
1900,2026-09-24 19:27:21,tecnologia,positivo,32,5,3,51
2705,2026-09-24 19:27:44,entretenimiento,positivo,24,5,4,46
708,2026-09-24 19:27:55,tecnologia,negativo,38,4,8,70
1529,2026-09-24 19:28:18,salud,neutral,40,7,5,69
117,2026-09-24 19:29:02,tecnologia,positivo,40,9,7,79
297,2026-09-24 19:29:37,entretenimiento,negativo,34,5,5,59
2540,2026-09-24 19:29:44,deportes,neutral,42,7,8,80
1806,2026-09-24 19:30:10,deportes,neutral,36,5,5,61
1099,2026-09-24 19:30:22,salud,neutral,38,6,5,65
52,2026-09-24 19:30:45,entretenimiento,positivo,39,4,4,59
2875,2026-09-24 19:31:12,tecnologia,positivo,30,8,0,46
2160,2026-09-24 19:31:47,salud,positivo,31,6,8,67
2927,2026-09-24 19:31:48,entretenimiento,positivo,34,5,5,59
1812,2026-09-24 19:31:49,salud,positivo,31,6,4,55
379,2026-09-24 19:32:22,politica,neutral,32,8,4,60
531,2026-09-24 19:33:03,deportes,neutral,27,9,4,57
2655,2026-09-24 19:33:05,deportes,neutral,39,6,2,57
1553,2026-09-24 19:34:05,tecnologia,neutral,38,5,4,60
732,2026-09-24 19:34:06,tecnologia,positivo,31,4,8,63
1608,2026-09-24 19:34:13,entretenimiento,neutral,38,5,2,54
1749,2026-09-24 19:34:19,entretenimiento,neutral,29,4,5,52
2736,2026-09-24 19:34:22,tecnologia,negativo,33,7,3,56
68,2026-09-24 19:34:24,politica,neutral,31,4,7,60
309,2026-09-24 19:34:28,politica,negativo,25,7,6,57
2378,2026-09-24 19:34:29,deportes,neutral,37,6,2,55
649,2026-09-24 19:35:08,deportes,neutral,40,4,3,57
1273,2026-09-24 19:35:30,deportes,neutral,30,7,2,50
277,2026-09-24 19:35:39,entretenimiento,negativo,34,7,8,72
2502,2026-09-24 19:36:24,tecnologia,neutral,37,10,2,63
332,2026-09-24 19:36:40,tecnologia,positivo,30,7,4,56
93,2026-09-24 19:36:53,tecnologia,positivo,31,7,6,63
2480,2026-09-24 19:36:58,entretenimiento,neutral,35,6,4,59
1054,2026-09-24 19:37:15,politica,positivo,39,4,4,59
770,2026-09-24 19:37:38,tecnologia,neutral,30,7,4,56
1042,2026-09-24 19:37:51,politica,positivo,38,3,2,50
2553,2026-09-24 19:38:00,politica,positivo,38,8,2,60
612,2026-09-24 19:38:34,tecnologia,neutral,34,8,6,68
2842,2026-09-24 19:38:37,politica,negativo,37,3,1,46
1670,2026-09-24 19:38:48,entretenimiento,positivo,31,7,2,51
2723,2026-09-24 19:38:54,politica,positivo,44,7,6,76
518,2026-09-24 19:38:59,deportes,positivo,39,4,3,56
1729,2026-09-24 19:39:11,politica,neutral,38,7,1,55
1871,2026-09-24 19:39:23,politica,neutral,31,4,4,51
535,2026-09-24 19:39:30,politica,positivo,28,10,3,57
420,2026-09-24 19:40:10,deportes,negativo,43,6,3,64
1478,2026-09-24 19:40:13,deportes,neutral,36,8,3,61
1675,2026-09-24 19:40:15,entretenimiento,positivo,30,6,3,51
187,2026-09-24 19:40:26,entretenimiento,neutral,28,3,2,40
2327,2026-09-24 19:40:37,politica,positivo,41,6,6,71
1903,2026-09-24 19:40:57,entretenimiento,neutral,35,6,2,53
1634,2026-09-24 19:41:03,politica,negativo,36,3,7,63
272,2026-09-24 19:41:07,tecnologia,positivo,35,5,0,45
508,2026-09-24 19:41:22,deportes,neutral,38,5,4,60
1857,2026-09-24 19:41:28,deportes,positivo,45,4,5,68
2722,2026-09-24 19:43:18,entretenimiento,neutral,48,8,5,79
445,2026-09-24 19:43:27,tecnologia,positivo,44,9,4,74
26,2026-09-24 19:43:36,tecnologia,neutral,21,5,8,55
919,2026-09-24 19:43:37,politica,neutral,25,0,2,31
2929,2026-09-24 19:43:42,deportes,neutral,34,5,5,59
2325,2026-09-24 19:44:06,tecnologia,neutral,37,8,7,74
2731,2026-09-24 19:44:07,tecnologia,positivo,43,7,3,66
1081,2026-09-24 19:44:15,tecnologia,neutral,29,3,11,68
1156,2026-09-24 19:44:15,entretenimiento,negativo,35,7,5,64
2621,2026-09-24 19:44:22,politica,neutral,37,10,4,69
1214,2026-09-24 19:44:22,salud,positivo,32,2,3,45
1310,2026-09-24 19:44:37,entretenimiento,positivo,23,9,6,59
231,2026-09-24 19:44:46,deportes,positivo,32,5,4,54
1166,2026-09-24 19:45:08,tecnologia,negativo,31,2,6,53
1743,2026-09-24 19:45:50,tecnologia,positivo,29,4,1,40
2071,2026-09-24 19:46:18,politica,positivo,31,8,3,56
991,2026-09-24 19:46:22,tecnologia,neutral,32,4,6,58
852,2026-09-24 19:46:29,tecnologia,negativo,23,2,2,33
200,2026-09-24 19:46:44,entretenimiento,positivo,29,5,0,39
2984,2026-09-24 19:47:08,entretenimiento,positivo,30,7,1,47
711,2026-09-24 19:47:26,deportes,positivo,33,4,6,59
114,2026-09-24 19:47:29,entretenimiento,neutral,33,5,6,61
1063,2026-09-24 19:48:12,deportes,positivo,40,5,1,53
1631,2026-09-24 19:48:16,tecnologia,negativo,29,9,6,65
559,2026-09-24 19:49:12,deportes,positivo,45,9,4,75
2569,2026-09-24 19:49:22,deportes,negativo,34,5,5,59
728,2026-09-24 19:49:24,entretenimiento,positivo,29,5,6,57
1308,2026-09-24 19:49:27,entretenimiento,neutral,33,9,2,57
767,2026-09-24 19:49:46,politica,negativo,32,11,4,66
2006,2026-09-24 19:49:48,politica,negativo,38,6,6,68
2889,2026-09-24 19:49:54,deportes,positivo,31,6,5,58
2099,2026-09-24 19:49:54,salud,negativo,48,3,1,57
400,2026-09-24 19:50:21,deportes,neutral,31,5,5,56
1893,2026-09-24 19:50:39,deportes,neutral,36,5,2,52
1646,2026-09-24 19:50:49,tecnologia,positivo,35,4,1,46
2700,2026-09-24 19:51:36,deportes,neutral,29,8,4,57
619,2026-09-24 19:51:51,tecnologia,positivo,33,5,5,58
2706,2026-09-24 19:51:53,entretenimiento,neutral,31,8,3,56
2923,2026-09-24 19:52:38,entretenimiento,positivo,32,5,6,60
2643,2026-09-24 19:52:41,entretenimiento,neutral,33,3,5,54
2539,2026-09-24 19:53:02,entretenimiento,positivo,28,5,2,44
1242,2026-09-24 19:53:06,deportes,neutral,31,5,6,59
1824,2026-09-24 19:53:07,entretenimiento,negativo,33,7,5,62
2380,2026-09-24 19:54:03,tecnologia,neutral,33,6,6,63
1775,2026-09-24 19:54:11,tecnologia,positivo,38,14,5,81
1206,2026-09-24 19:54:21,deportes,positivo,32,9,8,74
2063,2026-09-24 19:54:32,entretenimiento,positivo,32,6,6,62
1141,2026-09-24 19:55:00,deportes,neutral,31,6,2,49
1199,2026-09-24 19:55:08,tecnologia,positivo,45,5,4,67
620,2026-09-24 19:55:08,politica,positivo,30,5,5,55
1387,2026-09-24 19:55:13,entretenimiento,neutral,37,9,7,76
990,2026-09-24 19:55:18,deportes,positivo,45,4,3,62
1674,2026-09-24 19:55:19,deportes,negativo,38,10,4,70
2561,2026-09-24 19:55:46,salud,positivo,26,4,2,40
1262,2026-09-24 19:56:10,deportes,neutral,40,8,4,68
1649,2026-09-24 19:56:27,politica,negativo,33,4,5,56
2992,2026-09-24 19:57:00,entretenimiento,negativo,26,4,4,46
121,2026-09-24 19:57:03,salud,positivo,30,4,8,62
1690,2026-09-24 19:57:06,politica,neutral,33,9,2,57
982,2026-09-24 19:57:06,deportes,negativo,31,8,3,56
924,2026-09-24 19:57:09,entretenimiento,neutral,43,9,2,67
2105,2026-09-24 19:57:15,politica,neutral,33,4,4,53
1177,2026-09-24 19:57:15,entretenimiento,neutral,31,6,6,61
1005,2026-09-24 19:57:22,tecnologia,neutral,41,2,3,54
2066,2026-09-24 19:58:00,salud,neutral,43,5,6,71
743,2026-09-24 19:58:24,politica,neutral,34,5,4,56
2089,2026-09-24 19:58:28,salud,neutral,38,7,5,67
2121,2026-09-24 19:58:32,entretenimiento,positivo,36,3,6,60
2493,2026-09-24 19:58:35,deportes,positivo,33,8,4,61
77,2026-09-24 19:59:05,salud,positivo,42,3,6,66
550,2026-09-24 19:59:10,politica,positivo,24,4,1,35
1111,2026-09-24 19:59:18,entretenimiento,positivo,31,3,9,64
36,2026-09-24 19:59:20,deportes,positivo,30,6,3,51
2603,2026-09-24 19:59:20,entretenimiento,negativo,40,1,4,54
1834,2026-09-24 19:59:48,deportes,positivo,33,7,2,53
2423,2026-09-24 19:59:49,tecnologia,negativo,37,7,3,60
2847,2026-09-24 19:59:50,salud,positivo,37,10,4,69
1479,2026-09-24 19:59:57,tecnologia,neutral,32,7,6,64
537,2026-09-24 20:00:02,politica,neutral,41,8,2,63
1874,2026-09-24 20:00:15,entretenimiento,positivo,35,5,6,63
2543,2026-09-24 20:00:34,tecnologia,positivo,37,5,5,62
949,2026-09-24 20:00:38,politica,negativo,32,8,10,78
923,2026-09-24 20:00:49,politica,negativo,34,4,5,57
119,2026-09-24 20:01:12,deportes,neutral,38,4,5,61
525,2026-09-24 20:01:21,entretenimiento,positivo,31,6,5,58
2055,2026-09-24 20:01:22,entretenimiento,neutral,33,10,3,62
2501,2026-09-24 20:01:50,politica,positivo,35,6,6,65
1780,2026-09-24 20:03:14,entretenimiento,positivo,47,4,6,73
646,2026-09-24 20:03:14,entretenimiento,positivo,30,7,4,56
672,2026-09-24 20:03:23,deportes,positivo,35,7,4,61
89,2026-09-24 20:03:27,salud,negativo,41,7,3,64
2395,2026-09-24 20:03:39,entretenimiento,neutral,33,7,4,59
2354,2026-09-24 20:04:30,politica,neutral,26,5,4,48
2219,2026-09-24 20:04:32,entretenimiento,negativo,38,12,2,68
1118,2026-09-24 20:04:35,entretenimiento,positivo,27,3,6,51
1445,2026-09-24 20:04:37,tecnologia,positivo,39,5,0,49
253,2026-09-24 20:04:54,politica,positivo,30,7,4,56
2208,2026-09-24 20:05:12,politica,negativo,50,0,6,68
1121,2026-09-24 20:05:36,deportes,neutral,35,3,5,56
2977,2026-09-24 20:05:51,entretenimiento,neutral,39,7,1,56
717,2026-09-24 20:06:04,tecnologia,negativo,36,10,5,71
184,2026-09-24 20:06:06,entretenimiento,positivo,37,10,8,81
199,2026-09-24 20:06:08,deportes,negativo,31,6,6,61
2041,2026-09-24 20:06:11,politica,positivo,36,5,4,58
2254,2026-09-24 20:06:30,salud,neutral,36,4,3,53
680,2026-09-24 20:06:44,politica,neutral,33,8,2,55
2951,2026-09-24 20:06:54,entretenimiento,negativo,37,6,6,67
265,2026-09-24 20:07:24,entretenimiento,negativo,42,6,4,66
1027,2026-09-24 20:07:26,entretenimiento,negativo,30,8,2,52
384,2026-09-24 20:07:29,entretenimiento,neutral,35,7,3,58
13,2026-09-24 20:07:43,deportes,positivo,28,5,5,53
892,2026-09-24 20:07:44,politica,positivo,29,4,3,46
1376,2026-09-24 20:07:50,politica,neutral,40,6,6,70
2536,2026-09-24 20:08:14,tecnologia,neutral,33,2,6,55
377,2026-09-24 20:08:14,politica,positivo,31,6,2,49
1473,2026-09-24 20:08:15,entretenimiento,neutral,42,8,6,76
1231,2026-09-24 20:08:18,politica,positivo,43,4,6,69
2234,2026-09-24 20:08:26,entretenimiento,negativo,36,9,7,75
468,2026-09-24 20:08:48,tecnologia,positivo,28,3,5,49
530,2026-09-24 20:08:51,entretenimiento,neutral,38,9,6,74
3000,2026-09-24 20:09:09,tecnologia,neutral,32,3,7,59
122,2026-09-24 20:09:19,entretenimiento,neutral,24,6,1,39
337,2026-09-24 20:09:26,tecnologia,negativo,30,0,2,36
1963,2026-09-24 20:09:37,politica,neutral,42,7,7,77
1407,2026-09-24 20:09:44,politica,positivo,31,2,7,56
2187,2026-09-24 20:10:00,deportes,neutral,28,11,3,59
1430,2026-09-24 20:10:05,deportes,neutral,28,11,1,53
1351,2026-09-24 20:10:27,deportes,negativo,26,4,6,52
2074,2026-09-24 20:10:40,tecnologia,positivo,34,6,7,67
1917,2026-09-24 20:10:55,entretenimiento,negativo,30,2,5,49
524,2026-09-24 20:11:24,politica,positivo,35,5,4,57
1003,2026-09-24 20:11:27,salud,positivo,29,9,2,53
2890,2026-09-24 20:11:27,tecnologia,positivo,48,5,9,85
1762,2026-09-24 20:11:59,salud,positivo,38,6,1,53
1150,2026-09-24 20:12:01,deportes,negativo,31,9,7,70
2372,2026-09-24 20:12:01,entretenimiento,negativo,39,7,6,71
54,2026-09-24 20:12:39,entretenimiento,negativo,26,9,4,56
921,2026-09-24 20:12:42,entretenimiento,neutral,36,6,8,72
2217,2026-09-24 20:13:17,politica,positivo,26,5,5,51
1554,2026-09-24 20:13:27,politica,neutral,39,5,4,61
2509,2026-09-24 20:13:33,politica,neutral,38,6,3,59
2896,2026-09-24 20:13:46,salud,neutral,42,12,10,96
1356,2026-09-24 20:14:43,entretenimiento,negativo,38,8,4,66
555,2026-09-24 20:14:57,entretenimiento,positivo,41,4,3,58
1882,2026-09-24 20:15:06,entretenimiento,negativo,33,10,4,65
1152,2026-09-24 20:15:12,tecnologia,positivo,28,5,4,50
812,2026-09-24 20:15:17,entretenimiento,negativo,35,4,2,49
2611,2026-09-24 20:15:18,politica,neutral,31,10,5,66
2622,2026-09-24 20:15:18,tecnologia,neutral,43,8,2,65
2758,2026-09-24 20:15:37,politica,positivo,38,5,1,51
2861,2026-09-24 20:16:12,entretenimiento,neutral,24,8,4,52
1051,2026-09-24 20:16:18,deportes,negativo,33,3,7,60
1500,2026-09-24 20:16:25,deportes,positivo,48,7,5,77
726,2026-09-24 20:16:51,tecnologia,neutral,36,7,4,62
352,2026-09-24 20:17:09,tecnologia,neutral,30,0,1,33
2150,2026-09-24 20:17:45,entretenimiento,neutral,32,3,2,44
2958,2026-09-24 20:17:53,deportes,positivo,30,3,4,48
2498,2026-09-24 20:17:59,politica,neutral,29,6,4,53
1244,2026-09-24 20:18:06,salud,positivo,39,7,6,71
1773,2026-09-24 20:18:14,deportes,neutral,35,3,4,53
1312,2026-09-24 20:18:16,deportes,neutral,44,5,9,81
2782,2026-09-24 20:18:17,deportes,neutral,28,5,4,50
1972,2026-09-24 20:18:21,politica,neutral,37,4,5,60
944,2026-09-24 20:18:36,salud,neutral,35,7,4,61
116,2026-09-24 20:19:17,deportes,neutral,39,8,3,64
2488,2026-09-24 20:19:24,entretenimiento,positivo,37,9,3,64
869,2026-09-24 20:19:27,deportes,neutral,36,4,5,59
1854,2026-09-24 20:19:42,entretenimiento,positivo,33,5,3,52
2582,2026-09-24 20:19:51,entretenimiento,neutral,38,9,2,62
1859,2026-09-24 20:20:12,entretenimiento,positivo,19,6,3,40
1559,2026-09-24 20:20:13,salud,positivo,27,11,5,64
898,2026-09-24 20:20:30,entretenimiento,negativo,37,3,4,55
1030,2026-09-24 20:20:34,entretenimiento,positivo,36,8,7,73
1049,2026-09-24 20:20:52,entretenimiento,neutral,34,6,4,58
1343,2026-09-24 20:21:09,deportes,positivo,39,7,4,65
2510,2026-09-24 20:21:12,tecnologia,neutral,32,6,9,71
768,2026-09-24 20:21:39,politica,positivo,44,4,3,61
220,2026-09-24 20:22:17,tecnologia,neutral,31,6,3,52
229,2026-09-24 20:22:41,deportes,positivo,30,8,5,61
2476,2026-09-24 20:23:11,politica,neutral,35,1,3,46
1237,2026-09-24 20:23:14,entretenimiento,positivo,26,4,4,46
63,2026-09-24 20:23:35,politica,positivo,35,5,6,63
1648,2026-09-24 20:23:36,tecnologia,neutral,30,8,4,58
1008,2026-09-24 20:23:42,tecnologia,negativo,42,6,5,69
1272,2026-09-24 20:25:17,tecnologia,neutral,46,4,5,69
2255,2026-09-24 20:25:19,deportes,positivo,38,2,3,51
2658,2026-09-24 20:25:21,entretenimiento,neutral,37,3,2,49
1410,2026-09-24 20:25:37,deportes,neutral,28,8,5,59
2675,2026-09-24 20:25:54,politica,positivo,40,2,5,59
1061,2026-09-24 20:26:14,deportes,neutral,37,10,3,66
796,2026-09-24 20:26:30,deportes,negativo,35,5,2,51
759,2026-09-24 20:26:36,deportes,positivo,32,6,11,77
2164,2026-09-24 20:26:40,tecnologia,neutral,36,6,6,66
1306,2026-09-24 20:26:42,entretenimiento,negativo,27,5,3,46
315,2026-09-24 20:26:59,deportes,positivo,44,6,3,65
1167,2026-09-24 20:27:27,deportes,neutral,39,4,3,56
1469,2026-09-24 20:27:56,deportes,neutral,39,8,5,70
81,2026-09-24 20:28:32,deportes,neutral,37,2,0,41
2918,2026-09-24 20:29:14,entretenimiento,positivo,43,10,1,66
1158,2026-09-24 20:29:16,deportes,negativo,39,6,7,72
2263,2026-09-24 20:29:31,politica,neutral,29,6,9,68
2682,2026-09-24 20:29:32,entretenimiento,positivo,44,6,4,68
893,2026-09-24 20:29:34,politica,positivo,37,5,3,56
1196,2026-09-24 20:30:06,deportes,positivo,33,6,4,57
2826,2026-09-24 20:30:50,salud,positivo,39,5,4,61
2248,2026-09-24 20:31:12,tecnologia,neutral,35,8,1,54
2076,2026-09-24 20:31:18,entretenimiento,neutral,37,4,7,66
2045,2026-09-24 20:31:54,entretenimiento,neutral,34,9,2,58
1045,2026-09-24 20:32:12,politica,positivo,37,7,4,63
2619,2026-09-24 20:32:20,entretenimiento,neutral,41,10,9,88
772,2026-09-24 20:32:23,entretenimiento,positivo,36,12,2,66
2873,2026-09-24 20:32:24,salud,positivo,42,7,5,71
2176,2026-09-24 20:32:24,politica,positivo,37,9,5,70
2996,2026-09-24 20:33:10,entretenimiento,negativo,40,7,5,69
1672,2026-09-24 20:33:37,salud,neutral,36,6,7,69
2482,2026-09-24 20:33:50,politica,neutral,38,9,4,68
2512,2026-09-24 20:33:51,salud,neutral,29,4,4,49
932,2026-09-24 20:34:00,entretenimiento,neutral,33,9,4,63
1396,2026-09-24 20:34:12,salud,negativo,37,12,5,76
166,2026-09-24 20:34:53,entretenimiento,neutral,24,11,6,64
1741,2026-09-24 20:35:19,tecnologia,positivo,35,4,2,49
552,2026-09-24 20:35:43,politica,neutral,39,7,2,59
1448,2026-09-24 20:35:58,deportes,neutral,34,6,7,67
1980,2026-09-24 20:36:12,tecnologia,neutral,44,0,4,56
2382,2026-09-24 20:36:21,deportes,negativo,33,9,7,72
1849,2026-09-24 20:36:22,entretenimiento,neutral,48,3,4,66
2120,2026-09-24 20:37:15,salud,neutral,40,5,5,65
428,2026-09-24 20:37:22,deportes,positivo,36,9,3,63
2129,2026-09-24 20:37:38,entretenimiento,neutral,32,7,4,58
2107,2026-09-24 20:37:39,tecnologia,neutral,43,3,0,49
1159,2026-09-24 20:38:05,entretenimiento,neutral,33,10,3,62
2662,2026-09-24 20:38:16,deportes,neutral,31,5,5,56
2462,2026-09-24 20:38:33,tecnologia,neutral,36,6,4,60
2312,2026-09-24 20:38:35,deportes,neutral,32,7,4,58
2871,2026-09-24 20:38:52,tecnologia,positivo,26,4,1,37
2785,2026-09-24 20:39:15,deportes,neutral,27,6,6,57
2990,2026-09-24 20:39:41,entretenimiento,negativo,33,5,5,58
1600,2026-09-24 20:39:57,tecnologia,neutral,34,6,2,52
595,2026-09-24 20:40:48,deportes,positivo,27,10,6,65
397,2026-09-24 20:41:03,entretenimiento,positivo,36,7,6,68
2140,2026-09-24 20:41:27,entretenimiento,positivo,44,9,5,77
1323,2026-09-24 20:41:51,politica,neutral,28,5,0,38
1853,2026-09-24 20:42:05,politica,neutral,38,7,6,70
2507,2026-09-24 20:42:08,politica,negativo,46,8,2,68
1912,2026-09-24 20:42:17,deportes,negativo,37,2,7,62
490,2026-09-24 20:42:26,deportes,positivo,31,5,5,56
128,2026-09-24 20:42:35,entretenimiento,negativo,36,5,1,49
632,2026-09-24 20:42:41,deportes,positivo,42,9,4,72
2432,2026-09-24 20:42:47,tecnologia,neutral,33,4,1,44
2198,2026-09-24 20:42:50,deportes,negativo,32,7,3,55
474,2026-09-24 20:43:08,tecnologia,positivo,34,4,1,45
2237,2026-09-24 20:43:43,politica,positivo,30,7,5,59
2154,2026-09-24 20:44:17,politica,neutral,43,11,8,89
1686,2026-09-24 20:44:46,tecnologia,neutral,26,7,2,46
1736,2026-09-24 20:44:49,deportes,negativo,42,6,4,66
1453,2026-09-24 20:45:41,entretenimiento,positivo,38,8,3,63
1084,2026-09-24 20:45:59,tecnologia,positivo,27,4,3,44
514,2026-09-24 20:46:03,entretenimiento,negativo,27,4,7,56
1149,2026-09-24 20:46:45,politica,neutral,31,11,3,62
1642,2026-09-24 20:46:46,entretenimiento,positivo,42,0,4,54
736,2026-09-24 20:47:30,entretenimiento,neutral,41,6,3,62
2719,2026-09-24 20:48:40,politica,positivo,30,8,4,58
1666,2026-09-24 20:48:51,entretenimiento,positivo,46,3,6,70
1123,2026-09-24 20:49:39,entretenimiento,neutral,44,7,6,76
406,2026-09-24 20:49:39,politica,negativo,31,7,5,60
2075,2026-09-24 20:49:47,deportes,positivo,28,3,4,46
8,2026-09-24 20:51:02,politica,positivo,48,8,4,76
404,2026-09-24 20:51:07,politica,neutral,41,4,5,64
1786,2026-09-24 20:51:32,salud,neutral,43,7,7,78
2965,2026-09-24 20:51:38,politica,neutral,27,6,6,57
815,2026-09-24 20:52:15,deportes,negativo,31,6,5,58
2430,2026-09-24 20:52:18,entretenimiento,positivo,26,5,3,45
250,2026-09-24 20:52:24,entretenimiento,neutral,37,8,8,77
2136,2026-09-24 20:52:28,salud,negativo,36,6,4,60
2114,2026-09-24 20:52:53,deportes,positivo,32,4,4,52
1373,2026-09-24 20:53:03,deportes,positivo,39,4,4,59
1611,2026-09-24 20:53:37,entretenimiento,positivo,38,5,6,66
1241,2026-09-24 20:53:40,entretenimiento,positivo,28,5,6,56
281,2026-09-24 20:54:16,deportes,positivo,32,6,4,56
2444,2026-09-24 20:54:26,entretenimiento,negativo,28,8,3,53
1673,2026-09-24 20:55:08,entretenimiento,neutral,33,6,3,54
273,2026-09-24 20:55:23,politica,positivo,28,7,1,45
906,2026-09-24 20:55:39,deportes,negativo,32,5,5,57
1146,2026-09-24 20:55:43,entretenimiento,positivo,24,3,1,33
2174,2026-09-24 20:56:28,tecnologia,neutral,32,5,4,54
1161,2026-09-24 20:56:49,entretenimiento,positivo,41,6,11,86
1979,2026-09-24 20:56:51,entretenimiento,neutral,36,2,2,46
1103,2026-09-24 20:56:56,entretenimiento,neutral,39,6,3,60
575,2026-09-24 20:57:19,tecnologia,positivo,35,5,4,57
2532,2026-09-24 20:57:21,entretenimiento,positivo,36,8,4,64
1028,2026-09-24 20:58:19,tecnologia,neutral,34,11,5,71
1137,2026-09-24 20:59:05,politica,neutral,36,6,1,51
2882,2026-09-24 20:59:13,tecnologia,positivo,36,5,2,52
1574,2026-09-24 20:59:18,entretenimiento,neutral,37,4,4,57
2245,2026-09-24 20:59:21,deportes,negativo,36,8,5,67
615,2026-09-24 20:59:51,deportes,negativo,34,6,2,52
1518,2026-09-24 21:00:18,politica,positivo,42,6,7,75
954,2026-09-24 21:00:35,tecnologia,negativo,29,9,4,59
1019,2026-09-24 21:00:39,deportes,positivo,28,1,5,45
192,2026-09-24 21:00:42,entretenimiento,neutral,36,9,1,57
2013,2026-09-24 21:02:02,entretenimiento,positivo,29,11,4,63
1866,2026-09-24 21:03:06,entretenimiento,neutral,32,6,3,53
999,2026-09-24 21:03:45,salud,positivo,35,8,10,81
2321,2026-09-24 21:04:16,tecnologia,negativo,35,4,0,43
2,2026-09-24 21:05:12,politica,neutral,31,6,3,52
1855,2026-09-24 21:06:23,politica,positivo,46,7,5,75
509,2026-09-24 21:06:23,entretenimiento,negativo,26,5,3,45
1080,2026-09-24 21:06:45,deportes,positivo,33,6,6,63
1184,2026-09-24 21:06:56,salud,negativo,36,13,6,80
2003,2026-09-24 21:07:19,deportes,positivo,30,4,7,59
1551,2026-09-24 21:07:42,deportes,neutral,31,6,6,61
2054,2026-09-24 21:07:55,entretenimiento,positivo,37,5,2,53
2735,2026-09-24 21:07:58,politica,neutral,30,4,2,44
486,2026-09-24 21:08:24,deportes,positivo,45,10,6,83
1956,2026-09-24 21:08:41,politica,neutral,28,9,4,58
2789,2026-09-24 21:09:31,tecnologia,negativo,31,3,4,49
616,2026-09-24 21:10:15,salud,negativo,30,6,3,51
2755,2026-09-24 21:10:22,entretenimiento,negativo,31,9,4,61
2639,2026-09-24 21:10:48,salud,negativo,29,7,6,61
2252,2026-09-24 21:10:49,tecnologia,neutral,42,5,2,58
948,2026-09-24 21:10:49,salud,positivo,29,8,3,54
246,2026-09-24 21:11:30,salud,positivo,28,9,4,58
2572,2026-09-24 21:11:31,tecnologia,negativo,33,4,6,59
2554,2026-09-24 21:11:44,tecnologia,negativo,35,9,6,71
2023,2026-09-24 21:11:49,tecnologia,positivo,31,5,4,53
1635,2026-09-24 21:12:05,politica,neutral,42,2,5,61
2206,2026-09-24 21:12:26,tecnologia,negativo,26,4,5,49
2803,2026-09-24 21:13:07,entretenimiento,positivo,35,8,3,60
2624,2026-09-24 21:13:32,entretenimiento,positivo,42,6,3,63
814,2026-09-24 21:13:52,entretenimiento,neutral,32,6,9,71
1368,2026-09-24 21:14:48,entretenimiento,negativo,32,10,4,64
2210,2026-09-24 21:15:20,tecnologia,neutral,29,4,3,46
870,2026-09-24 21:15:41,deportes,positivo,30,5,5,55
105,2026-09-24 21:15:49,tecnologia,neutral,32,4,2,46
1522,2026-09-24 21:16:43,tecnologia,neutral,41,4,3,58
1053,2026-09-24 21:16:56,tecnologia,neutral,52,7,3,75
790,2026-09-24 21:17:17,entretenimiento,positivo,26,3,3,41
2955,2026-09-24 21:17:27,entretenimiento,negativo,38,8,3,63
2192,2026-09-24 21:18:18,entretenimiento,positivo,29,5,7,60
1023,2026-09-24 21:18:25,entretenimiento,neutral,45,4,6,71
786,2026-09-24 21:18:56,salud,positivo,27,6,0,39
1104,2026-09-24 21:19:10,deportes,positivo,31,6,2,49
44,2026-09-24 21:19:24,tecnologia,positivo,48,7,4,74
2886,2026-09-24 21:19:49,tecnologia,neutral,30,11,0,52
752,2026-09-24 21:20:31,deportes,positivo,35,3,7,62
409,2026-09-24 21:20:57,deportes,neutral,34,7,5,63
2345,2026-09-24 21:21:09,deportes,positivo,37,3,5,58
2186,2026-09-24 21:21:32,tecnologia,positivo,45,4,6,71
837,2026-09-24 21:21:59,deportes,positivo,33,4,4,53
2926,2026-09-24 21:22:01,politica,positivo,42,5,3,61
2950,2026-09-24 21:22:20,entretenimiento,neutral,26,7,3,49
34,2026-09-24 21:22:21,tecnologia,negativo,32,9,6,68
1456,2026-09-24 21:22:38,entretenimiento,neutral,27,8,6,61
1560,2026-09-24 21:23:31,entretenimiento,negativo,35,7,10,79
183,2026-09-24 21:23:52,deportes,neutral,29,8,1,48
2383,2026-09-24 21:24:09,politica,positivo,44,7,4,70
446,2026-09-24 21:24:16,tecnologia,neutral,43,4,3,60
204,2026-09-24 21:24:19,deportes,neutral,36,4,4,56
1428,2026-09-24 21:24:21,entretenimiento,neutral,34,11,5,71
716,2026-09-24 21:24:34,deportes,neutral,29,6,3,50
2844,2026-09-24 21:24:50,tecnologia,positivo,25,8,4,53
2357,2026-09-24 21:25:10,entretenimiento,positivo,48,2,4,64
2721,2026-09-24 21:25:14,deportes,neutral,36,6,4,60
1013,2026-09-24 21:25:26,deportes,neutral,36,7,2,56
2516,2026-09-24 21:25:41,tecnologia,negativo,32,6,0,44
2570,2026-09-24 21:26:03,politica,positivo,27,4,4,47
1091,2026-09-24 21:26:07,tecnologia,positivo,47,6,2,65
1224,2026-09-24 21:26:31,politica,negativo,31,4,8,63
1420,2026-09-24 21:27:05,deportes,neutral,37,11,4,71
274,2026-09-24 21:27:22,salud,positivo,42,4,1,53
2108,2026-09-24 21:27:24,tecnologia,positivo,32,5,6,60
402,2026-09-24 21:27:53,entretenimiento,positivo,38,11,4,72
2854,2026-09-24 21:28:34,entretenimiento,neutral,39,3,5,60
257,2026-09-24 21:28:37,entretenimiento,negativo,39,11,1,64
2473,2026-09-24 21:28:43,tecnologia,positivo,28,8,2,50
2352,2026-09-24 21:28:45,politica,negativo,32,6,3,53
1025,2026-09-24 21:29:03,deportes,neutral,39,6,3,60
1221,2026-09-24 21:29:08,entretenimiento,neutral,44,5,8,78
1668,2026-09-24 21:29:10,tecnologia,negativo,28,4,4,48
179,2026-09-24 21:29:39,entretenimiento,neutral,33,7,8,71
1416,2026-09-24 21:30:02,deportes,positivo,31,7,2,51
1845,2026-09-24 21:30:33,politica,neutral,32,5,2,48
536,2026-09-24 21:31:14,entretenimiento,positivo,36,10,7,77
243,2026-09-24 21:31:51,tecnologia,neutral,43,2,7,68
938,2026-09-24 21:32:22,salud,neutral,37,6,2,55
746,2026-09-24 21:32:31,deportes,positivo,29,3,6,53
569,2026-09-24 21:32:35,entretenimiento,neutral,37,9,5,70
1687,2026-09-24 21:32:40,tecnologia,positivo,32,3,5,53
1839,2026-09-24 21:32:57,entretenimiento,neutral,27,4,5,50
135,2026-09-24 21:33:28,entretenimiento,positivo,39,4,4,59
151,2026-09-24 21:33:48,tecnologia,negativo,38,9,4,68
1249,2026-09-24 21:34:02,politica,negativo,39,9,2,63
198,2026-09-24 21:34:46,entretenimiento,negativo,37,5,4,59
2275,2026-09-24 21:35:18,entretenimiento,negativo,38,8,2,60
972,2026-09-24 21:35:43,entretenimiento,positivo,30,10,4,62
1640,2026-09-24 21:36:37,tecnologia,neutral,28,6,4,52
997,2026-09-24 21:37:08,entretenimiento,positivo,25,4,5,48
2101,2026-09-24 21:37:15,deportes,positivo,39,7,2,59
2939,2026-09-24 21:37:51,deportes,negativo,29,3,2,41
396,2026-09-24 21:38:02,tecnologia,positivo,40,3,2,52
1085,2026-09-24 21:38:14,deportes,positivo,37,5,2,53
412,2026-09-24 21:38:14,tecnologia,neutral,36,7,3,59
2969,2026-09-24 21:38:14,tecnologia,positivo,44,8,2,66
1656,2026-09-24 21:38:18,tecnologia,positivo,35,13,2,67
1357,2026-09-24 21:39:01,tecnologia,positivo,43,10,3,72
1186,2026-09-24 21:39:15,entretenimiento,neutral,32,3,6,56
2836,2026-09-24 21:39:31,entretenimiento,positivo,25,6,4,49
918,2026-09-24 21:40:11,salud,negativo,24,13,2,56
193,2026-09-24 21:40:24,tecnologia,negativo,32,5,4,54
1449,2026-09-24 21:40:32,deportes,neutral,26,5,3,45
489,2026-09-24 21:41:12,tecnologia,positivo,36,8,6,70
826,2026-09-24 21:41:17,tecnologia,positivo,34,10,8,78
365,2026-09-24 21:41:58,politica,positivo,35,6,3,56
800,2026-09-24 21:41:58,deportes,positivo,41,12,2,71
513,2026-09-24 21:42:45,entretenimiento,negativo,43,7,3,66
1976,2026-09-24 21:42:51,tecnologia,neutral,44,5,2,60
2084,2026-09-24 21:44:18,entretenimiento,positivo,48,3,2,60
2233,2026-09-24 21:44:25,entretenimiento,neutral,51,6,2,69
359,2026-09-24 21:44:37,tecnologia,positivo,34,5,6,62
507,2026-09-24 21:45:05,politica,neutral,41,6,2,59
2018,2026-09-24 21:45:08,deportes,positivo,39,2,8,67
797,2026-09-24 21:45:41,politica,positivo,25,7,7,60
1302,2026-09-24 21:46:36,tecnologia,positivo,35,8,5,66
413,2026-09-24 21:46:45,entretenimiento,positivo,45,5,7,76
578,2026-09-24 21:47:34,deportes,positivo,27,7,0,41
241,2026-09-24 21:48:00,politica,negativo,40,5,2,56
1016,2026-09-24 21:48:16,deportes,neutral,25,5,2,41
2821,2026-09-24 21:48:19,tecnologia,positivo,33,3,2,45
808,2026-09-24 21:48:24,deportes,neutral,43,6,6,73
1361,2026-09-24 21:48:45,deportes,positivo,39,3,5,60
368,2026-09-24 21:49:02,tecnologia,positivo,32,5,5,57
2843,2026-09-24 21:49:52,tecnologia,negativo,35,8,3,60
2483,2026-09-24 21:50:12,salud,neutral,35,4,3,52
56,2026-09-24 21:51:40,tecnologia,neutral,32,5,5,57
2305,2026-09-24 21:51:50,politica,negativo,39,5,3,58
685,2026-09-24 21:53:11,deportes,positivo,26,8,2,48
2872,2026-09-24 21:53:17,deportes,positivo,30,5,2,46
2863,2026-09-24 21:53:46,deportes,positivo,38,5,1,51
1663,2026-09-24 21:54:06,tecnologia,positivo,36,7,3,59
454,2026-09-24 21:55:53,entretenimiento,positivo,28,4,5,51
2426,2026-09-24 21:56:05,entretenimiento,positivo,31,7,1,48
113,2026-09-24 21:56:20,politica,neutral,39,8,2,61
721,2026-09-24 21:57:51,salud,neutral,29,8,6,63
576,2026-09-24 21:58:20,salud,negativo,33,7,4,59
1782,2026-09-24 21:58:22,tecnologia,neutral,42,8,3,67
2802,2026-09-24 21:58:25,politica,neutral,33,5,6,61
854,2026-09-24 21:58:29,politica,positivo,37,2,6,59
749,2026-09-24 21:58:33,deportes,negativo,34,5,7,65
53,2026-09-24 21:59:08,tecnologia,neutral,27,6,5,54
1520,2026-09-24 21:59:22,entretenimiento,positivo,38,11,3,69
807,2026-09-24 21:59:42,salud,neutral,41,5,6,69
541,2026-09-24 22:00:39,entretenimiento,positivo,33,10,5,68
35,2026-09-24 22:00:49,tecnologia,positivo,38,3,5,59
51,2026-09-24 22:02:07,deportes,negativo,28,5,2,44
1335,2026-09-24 22:02:19,entretenimiento,neutral,38,1,4,52
1828,2026-09-24 22:02:27,tecnologia,neutral,29,4,4,49
2435,2026-09-24 22:02:54,entretenimiento,neutral,42,6,6,72
2766,2026-09-24 22:03:10,salud,neutral,39,6,1,54
2806,2026-09-24 22:03:28,tecnologia,positivo,32,11,4,66
470,2026-09-24 22:04:10,salud,positivo,34,5,6,62
1325,2026-09-24 22:04:30,salud,neutral,35,5,5,60
1102,2026-09-24 22:05:07,tecnologia,neutral,27,4,2,41
2166,2026-09-24 22:05:27,deportes,negativo,39,10,1,62
1389,2026-09-24 22:05:44,tecnologia,negativo,48,7,4,74
1831,2026-09-24 22:06:27,politica,positivo,29,4,4,49
1755,2026-09-24 22:07:44,deportes,neutral,24,5,9,61
248,2026-09-24 22:08:09,entretenimiento,negativo,30,3,1,39
1229,2026-09-24 22:08:12,salud,neutral,40,10,4,72
12,2026-09-24 22:08:19,entretenimiento,positivo,39,4,5,62
2986,2026-09-24 22:09:05,tecnologia,negativo,28,2,5,47
2914,2026-09-24 22:10:15,tecnologia,positivo,32,6,2,50
140,2026-09-24 22:11:01,deportes,negativo,43,6,5,70
1816,2026-09-24 22:11:31,deportes,negativo,37,9,5,70
2799,2026-09-24 22:12:14,entretenimiento,neutral,38,5,6,66
325,2026-09-24 22:12:25,politica,neutral,36,9,6,72
465,2026-09-24 22:13:40,entretenimiento,neutral,24,7,5,53
2452,2026-09-24 22:13:58,politica,neutral,37,3,2,49
1024,2026-09-24 22:14:04,entretenimiento,neutral,33,2,4,49
1383,2026-09-24 22:14:31,entretenimiento,neutral,32,7,3,55
499,2026-09-24 22:16:01,politica,neutral,27,9,4,57
1719,2026-09-24 22:16:52,tecnologia,neutral,41,9,3,68
242,2026-09-24 22:16:54,politica,positivo,38,4,5,61
1062,2026-09-24 22:18:15,entretenimiento,neutral,35,7,3,58
2326,2026-09-24 22:18:33,tecnologia,positivo,39,6,1,54
479,2026-09-24 22:19:27,deportes,positivo,40,12,4,76
2499,2026-09-24 22:19:38,deportes,negativo,31,9,4,61
2739,2026-09-24 22:19:51,tecnologia,positivo,41,5,3,60
2907,2026-09-24 22:20:23,tecnologia,negativo,42,6,5,69
2980,2026-09-24 22:21:19,politica,neutral,29,7,4,55
2734,2026-09-24 22:22:32,deportes,negativo,39,7,5,68
2416,2026-09-24 22:23:30,deportes,neutral,34,3,8,64
1997,2026-09-24 22:24:03,entretenimiento,positivo,34,5,7,65
1426,2026-09-24 22:24:28,tecnologia,negativo,32,5,6,60
2021,2026-09-24 22:24:45,entretenimiento,neutral,47,7,3,70
2626,2026-09-24 22:24:49,deportes,neutral,29,8,2,51
2123,2026-09-24 22:24:59,tecnologia,neutral,30,5,5,55
1198,2026-09-24 22:25:04,politica,neutral,31,4,3,48
227,2026-09-24 22:25:26,politica,positivo,35,6,3,56
2486,2026-09-24 22:25:53,entretenimiento,negativo,33,6,9,72
2964,2026-09-24 22:26:45,tecnologia,neutral,29,8,2,51
2695,2026-09-24 22:29:21,entretenimiento,neutral,34,5,6,62
1757,2026-09-24 22:30:27,entretenimiento,positivo,36,4,5,59
2792,2026-09-24 22:30:31,salud,positivo,41,2,4,57
2287,2026-09-24 22:30:34,entretenimiento,neutral,42,5,3,61
2092,2026-09-24 22:31:12,politica,positivo,43,5,2,59
2718,2026-09-24 22:31:27,tecnologia,neutral,30,2,6,52
1122,2026-09-24 22:32:53,politica,positivo,43,2,9,74
2201,2026-09-24 22:33:44,entretenimiento,negativo,49,3,4,67
1774,2026-09-24 22:33:48,politica,positivo,34,9,3,61
306,2026-09-24 22:33:52,deportes,positivo,31,7,3,54
1467,2026-09-24 22:33:57,deportes,neutral,32,7,2,52
2125,2026-09-24 22:35:58,tecnologia,neutral,30,7,3,53
2433,2026-09-24 22:36:09,salud,positivo,34,4,3,51
1197,2026-09-24 22:36:27,deportes,neutral,31,7,1,48
314,2026-09-24 22:39:10,tecnologia,negativo,34,6,8,70
1181,2026-09-24 22:40:31,deportes,positivo,40,5,2,56
2577,2026-09-24 22:40:57,deportes,positivo,41,1,5,58
676,2026-09-24 22:43:42,deportes,neutral,32,6,2,50
1371,2026-09-24 22:44:32,salud,positivo,38,6,2,56
1172,2026-09-24 22:44:35,deportes,neutral,35,6,4,59
2637,2026-09-24 22:44:53,salud,positivo,26,5,3,45
249,2026-09-24 22:46:08,politica,negativo,37,4,3,54
2804,2026-09-24 22:46:35,salud,positivo,33,6,4,57
367,2026-09-24 22:47:52,tecnologia,positivo,32,6,5,59
2528,2026-09-24 22:48:17,tecnologia,neutral,40,7,3,63
1239,2026-09-24 22:48:23,tecnologia,positivo,29,10,2,55
1441,2026-09-24 22:48:24,tecnologia,positivo,35,7,5,64
718,2026-09-24 22:48:26,deportes,negativo,27,3,1,36
679,2026-09-24 22:49:00,tecnologia,positivo,34,7,6,66
1513,2026-09-24 22:49:10,tecnologia,neutral,41,2,7,66
1701,2026-09-24 22:49:10,salud,neutral,46,9,2,70
2556,2026-09-24 22:49:46,entretenimiento,negativo,26,7,7,61
141,2026-09-24 22:49:54,salud,neutral,34,3,8,64
2504,2026-09-24 22:50:39,tecnologia,positivo,35,12,4,71
523,2026-09-24 22:52:00,politica,negativo,33,10,0,53
2110,2026-09-24 22:52:24,tecnologia,neutral,44,4,3,61
1624,2026-09-24 22:52:57,politica,neutral,27,6,6,57
2787,2026-09-24 22:53:21,deportes,neutral,27,4,4,47
1545,2026-09-24 22:53:32,tecnologia,neutral,39,5,4,61
2028,2026-09-24 22:53:33,tecnologia,positivo,34,1,4,48
1801,2026-09-24 22:53:37,entretenimiento,neutral,31,12,1,58
2214,2026-09-24 22:53:55,deportes,positivo,31,3,1,40
2647,2026-09-24 22:54:08,deportes,negativo,31,10,2,57
2702,2026-09-24 22:54:13,politica,positivo,46,3,1,55
844,2026-09-24 22:54:15,politica,positivo,26,6,3,47
1699,2026-09-24 22:54:45,tecnologia,neutral,33,4,4,53
1907,2026-09-24 22:56:42,entretenimiento,positivo,33,5,4,55
2428,2026-09-24 22:57:00,tecnologia,positivo,36,2,2,46
582,2026-09-24 22:57:06,deportes,positivo,45,5,5,70
472,2026-09-24 22:57:38,salud,neutral,32,3,10,68
2034,2026-09-24 22:57:52,deportes,negativo,34,6,3,55
2472,2026-09-24 22:58:56,salud,neutral,33,9,4,63
1682,2026-09-24 22:59:25,deportes,positivo,36,9,2,60
2783,2026-09-24 22:59:39,deportes,neutral,39,5,2,55
442,2026-09-24 23:01:32,tecnologia,negativo,46,7,3,69
1955,2026-09-24 23:03:20,politica,neutral,35,3,3,50
532,2026-09-24 23:03:40,politica,positivo,42,5,7,73
1728,2026-09-24 23:03:58,tecnologia,negativo,30,7,3,53
447,2026-09-24 23:04:04,deportes,neutral,40,6,2,58
155,2026-09-24 23:05:00,entretenimiento,negativo,41,5,3,60
500,2026-09-24 23:07:08,politica,neutral,39,6,7,72
2737,2026-09-24 23:08:35,tecnologia,neutral,42,6,4,66
70,2026-09-24 23:08:37,politica,negativo,36,7,4,62
2079,2026-09-24 23:09:25,deportes,positivo,36,4,7,65
533,2026-09-24 23:10:34,tecnologia,positivo,25,5,8,59
2928,2026-09-24 23:11:29,politica,positivo,31,5,5,56
391,2026-09-24 23:12:37,entretenimiento,positivo,41,8,6,75
2790,2026-09-24 23:13:10,salud,negativo,37,6,8,73
1349,2026-09-24 23:14:11,entretenimiento,neutral,32,4,2,46
1425,2026-09-24 23:15:59,politica,negativo,41,10,8,85
662,2026-09-24 23:16:14,tecnologia,negativo,50,5,6,78
1639,2026-09-24 23:20:16,politica,positivo,36,6,5,63
1617,2026-09-24 23:20:25,politica,neutral,37,7,2,57
2315,2026-09-24 23:25:53,entretenimiento,neutral,38,4,7,67
1075,2026-09-24 23:27:46,politica,positivo,32,6,0,44
1278,2026-09-24 23:28:39,deportes,neutral,37,7,3,60
1716,2026-09-24 23:29:38,deportes,positivo,33,5,3,52
1465,2026-09-24 23:30:08,tecnologia,positivo,36,4,2,50
933,2026-09-24 23:30:31,tecnologia,positivo,30,4,6,56
1865,2026-09-24 23:30:57,politica,positivo,32,5,6,60
1055,2026-09-24 23:31:21,deportes,neutral,36,11,0,58
1105,2026-09-24 23:32:40,tecnologia,positivo,46,6,2,64
2530,2026-09-24 23:33:58,entretenimiento,neutral,40,4,2,54
2461,2026-09-24 23:34:08,politica,positivo,34,11,3,65
1089,2026-09-24 23:34:13,deportes,positivo,41,3,4,59
706,2026-09-24 23:34:34,entretenimiento,positivo,30,4,3,47
2244,2026-09-24 23:37:44,entretenimiento,positivo,35,5,1,48
476,2026-09-24 23:41:03,deportes,neutral,41,6,8,77
811,2026-09-24 23:41:45,politica,negativo,26,6,1,41
1890,2026-09-24 23:44:14,politica,neutral,37,6,2,55
1592,2026-09-24 23:46:20,politica,neutral,38,3,3,53
1913,2026-09-24 23:47:22,deportes,neutral,33,12,3,66
1012,2026-09-24 23:47:58,entretenimiento,neutral,40,9,6,76
1334,2026-09-24 23:48:19,salud,positivo,27,11,6,67
848,2026-09-24 23:50:20,politica,negativo,37,5,10,77
1585,2026-09-24 23:50:23,deportes,negativo,32,5,7,63
2837,2026-09-24 23:51:26,entretenimiento,neutral,25,5,10,65
1665,2026-09-24 23:51:58,entretenimiento,neutral,31,2,4,47
262,2026-09-24 23:54:18,deportes,neutral,42,3,5,63
1210,2026-09-24 23:55:03,politica,positivo,31,6,5,58
519,2026-09-24 23:56:46,deportes,neutral,32,4,4,52
2409,2026-09-24 23:58:34,entretenimiento,neutral,33,4,3,50
